id,first_name,last_name,email,iban,language,company
1,Xylia,Rannells,xrannells0@state.tx.us,FI66 9413 4578 3715 64,Ndonga,DuBuque Group
2,Shellysheldon,Kearle,skearle1@multiply.com,DO20 4MZC 6252 5086 4497 1357 1082,Ndonga,Runolfsson Group
3,Casar,Haskey,chaskey2@blogger.com,BE64 6073 6083 1986,Tajik,Cruickshank and Sons
4,Pippy,Bixley,pbixley3@google.it,FR64 7488 4368 322Q 7OF6 RHX0 H20,"Ndebele, South","Haag, Bergstrom and Von"
5,Monro,Grice,mgrice4@sourceforge.net,FR72 6989 3469 27F8 K9MG H925 T34,Haitian,Lubowitz Inc
6,Silas,Goodspeed,sgoodspeed5@reverbnation.com,EE52 4024 8216 0145 2900,"Sotho, Southern",Kirlin-Boyer
7,Melitta,Monier,mmonier6@guardian.co.uk,TR20 1020 2Z8A QRTB W8RK ZJNZ ZK,English,Conroy-Davis
8,Allianora,Beese,abeese7@pcworld.com,FO70 4347 3180 9937 38,Limburgan,"Hudson, Gleichner and Hoppe"
9,Carley,Tuckett,ctuckett8@linkedin.com,GE96 VL62 7004 1326 3084 52,Assamese,Leffler-Boyle
10,Mela,Meecher,mmeecher9@google.fr,IE05 OEKJ 3023 4627 7559 52,Swahili,"Stroman, Dare and Roob"
11,Inglebert,Tippell,itippella@blogs.com,PL56 1960 7347 7296 0392 4903 4578,Yoruba,Weber and Sons
12,Lorilee,Linkleter,llinkleterb@miibeian.gov.cn,AE21 8319 9052 9236 2276 824,Indonesian,"Shanahan, Haag and Heller"
13,Pearle,Bockman,pbockmanc@yandex.ru,FR14 4898 6148 94KL 3W9S KJ9E D24,Tahitian,Kirlin-Von
14,Pippo,Noulton,pnoultond@irs.gov,FR64 5874 1351 11LZ YJSW VXFO X11,Tatar,Aufderhar Group
15,Bobbye,Advani,badvanie@techcrunch.com,SK38 5107 3324 7563 2967 2889,Kinyarwanda,Wiegand Inc
16,Wolfy,Alexandersson,walexanderssonf@bigcartel.com,MR75 0270 6435 9624 9526 8857 469,Gaelic,Aufderhar Inc
17,Christoph,Whenman,cwhenmang@drupal.org,BG17 QTWQ 0080 91UC FLDI ED,Twi,Goldner-Quitzon
18,Jackie,Cutchee,jcutcheeh@cdbaby.com,FR87 7657 3440 440S STHZ CJEE Q57,Oromo,"Veum, Dooley and Brown"
19,Danie,Perry,dperryi@acquirethisname.com,FR77 3149 4415 96EB X0Y4 TYBL K54,Inupiaq,"Quigley, Hartmann and Pollich"
20,Daniella,Lamond,dlamondj@sun.com,BE24 7695 0853 8119,Chuvash,Muller and Sons
21,Warden,Huntress,whuntressk@google.nl,MT86 GWHX 0259 0RPD 5MON QEZY DJBG YOH,"Bokmål, Norwegian",Nader-Rosenbaum
22,Stanleigh,Zanni,szannil@bloomberg.com,MC54 6954 9168 39HO 0FDF GEOD J43,Volapük,"Ebert, Davis and Walter"
23,Gibbie,Petrik,gpetrikm@amazonaws.com,GR03 5523 331Z RKD9 FBEG BEPP IUB,Catalan,"Terry, Dickinson and Orn"
24,Basia,Moraleda,bmoraledan@exblog.jp,KZ73 3683 ZEZF 6BCY BNZR,Bislama,Rolfson LLC
25,Randi,Sonier,rsoniero@dell.com,TN61 8681 3054 5037 4277 3563,Korean,Turner-Morar
26,Ester,Fritter,efritterp@wix.com,BR32 5359 6028 3924 7064 7545 895X 0,Mongolian,Morissette Inc
27,Yorke,Avon,yavonq@jugem.jp,IT70 V242 2744 728I WAU8 ZAGR HMN,Luxembourgish,"Windler, Daugherty and Willms"
28,Ruthann,Reolfo,rreolfor@washington.edu,PT32 0698 9155 3843 3846 7427 3,Fijian,Walsh Inc
29,Georgiana,Tembridge,gtembridges@theatlantic.com,GE51 AE09 9286 8596 9784 00,Bambara,"Farrell, Little and Rodriguez"
30,Janeczka,Bembrick,jbembrickt@indiatimes.com,FR63 0354 9518 46YK IGVQ 6XVC A41,Catalan,Grant Inc
31,Kelvin,MacGray,kmacgrayu@hugedomains.com,SA86 08ZN WCUP CMZY IXYT 72VQ,Ukrainian,Kautzer Group
32,Nanette,Vitte,nvittev@mapquest.com,PT15 0163 3668 3914 3286 9696 6,Komi,"Strosin, Abbott and Johns"
33,Cristi,Todaro,ctodarow@ifeng.com,FI44 8397 1800 1104 96,Spanish,"Morar, Jacobi and Simonis"
34,Daveta,Damato,ddamatox@cnet.com,FR56 8630 5798 628L AYBY ZQ39 J61,Sango,Olson-Hudson
35,Lindsey,Aberkirdo,laberkirdoy@huffingtonpost.com,FR62 6927 2229 34NG F9ZI B5Y2 N18,Abkhazian,Rempel Inc
36,Diane,Odlin,dodlinz@soundcloud.com,BR43 4224 3551 1174 1982 2314 699X F,Malay,"Mitchell, Howell and Kunze"
37,Nicolas,Robak,nrobak10@foxnews.com,GI84 XZVD 9JCW LHJF W2W1 25Y,Zhuang,Block and Sons
38,Carmita,Hiddersley,chiddersley11@imgur.com,FR10 7157 9913 47O0 ERVU TKHP J42,Tonga (Tonga Islands),"Klocko, Ortiz and Hamill"
39,Jarret,Buckam,jbuckam12@live.com,MU32 GKUH 2389 2915 4339 5636 970Z HN,Kikuyu,"Bode, Mills and Schmidt"
40,Leroi,Stubbs,lstubbs13@wp.com,FR56 0200 1379 26BQ HKCY UOZU H51,Albanian,"Hoppe, Kunze and Kassulke"
41,Wallie,Donnachie,wdonnachie14@technorati.com,RO50 GVNF K7JR V2ZE QBWM WD09,Malayalam,Hand-Wiza
42,Jakie,Ruckert,jruckert15@ameblo.jp,IE34 ZFBQ 4211 1827 5532 81,Igbo,Dach-Greenfelder
43,Blithe,Kaysor,bkaysor16@rambler.ru,LU60 277Y LFBF 0UA5 2Z3I,"Sotho, Southern","Denesik, Jerde and Konopelski"
44,Susanetta,Thorowgood,sthorowgood17@admin.ch,BH38 INEX TF0Y PVQL MH2I NZ,Bengali,Casper and Sons
45,Marten,Sircomb,msircomb18@prnewswire.com,FR65 0170 8948 55GA SY5R 1QSU T75,Turkish,Ernser-Lockman
46,Brod,Theobald,btheobald19@hao123.com,LT85 9811 7235 0993 0121,Serbian,Bashirian-Wisoky
47,Adelheid,Patrono,apatrono1a@alibaba.com,GT86 BKIK MEJF LXJB CRKE 9CTN JZF6,Korean,Deckow-Spencer
48,Vanni,Wedlake,vwedlake1b@privacy.gov.au,MD77 NCJ7 LDBH D6V4 ZFOD UOMA,Maltese,Goyette-Kiehn
49,Sharleen,Pleasaunce,spleasaunce1c@epa.gov,RO25 TRLF YFZM W3OY VTCK B3RR,Burmese,"Murphy, Bins and Torphy"
50,Tiphani,Yandell,tyandell1d@foxnews.com,LT96 5471 8141 4234 9802,Croatian,Schroeder and Sons
51,Tyler,Bengtsson,tbengtsson1e@sfgate.com,PS61 SSHS KJUV WWPB BQGQ GIKX LCNM A,Burmese,"Huel, Jacobi and Crist"
52,Clementius,Orrobin,corrobin1f@devhub.com,FR95 4115 8280 20BZ 7UWQ UVON 138,French,"Schuster, Daugherty and VonRueden"
53,Yolanda,Ferrai,yferrai1g@jiathis.com,FR17 0233 6538 027B L1HR IVQJ C83,Hiri Motu,"Hyatt, Kris and Hand"
54,Barry,Halsey,bhalsey1h@i2i.jp,EE74 9070 3047 8542 4662,Uighur,Ritchie and Sons
55,Rowe,Arundel,rarundel1i@nationalgeographic.com,MD75 FTPN C9VD HJN3 FDRS NVOK,Aragonese,Sipes and Sons
56,Bendite,Jeram,bjeram1j@jugem.jp,MR37 9093 1607 1264 7523 2876 530,Tahitian,Harvey LLC
57,Glenn,Samett,gsamett1k@abc.net.au,CR02 0958 2856 0367 0359 0,Persian,"Gleichner, Metz and Sauer"
58,Anne-corinne,Malzard,amalzard1l@usda.gov,TN77 7563 9190 7234 0294 4697,Urdu,Turcotte Group
59,Nicolai,Assender,nassender1m@gravatar.com,AL10 3175 7186 JEVV YOXV RKRW SJR8,Dutch,Volkman-Medhurst
60,Laure,Castellan,lcastellan1n@nsw.gov.au,KW48 NYKX UICG B3MD JBSD 1P31 C7KJ UX,Ganda,Wiza-Labadie
61,Codi,Kyle,ckyle1o@ebay.co.uk,GL53 0676 2152 8386 08,Ido,McDermott-Marks
62,Xavier,Coult,xcoult1p@wordpress.com,MR17 8877 5954 1936 2098 4095 703,Lithuanian,Daugherty-Barton
63,Shandeigh,Breukelman,sbreukelman1q@yellowbook.com,FR56 4719 3658 88TS AMBY QFJ6 R74,Sindhi,"Hodkiewicz, Hessel and Anderson"
64,Florina,Tym,ftym1r@behance.net,CR50 4849 0478 7951 4609 7,Aragonese,Kunde-Runolfsson
65,Farah,Boggas,fboggas1s@com.com,GL69 7902 9637 3601 39,Urdu,Jast-Walter
66,Jena,Boschmann,jboschmann1t@wordpress.org,CR94 6318 1988 2750 8810 4,Panjabi,Herzog LLC
67,Colette,Behnecken,cbehnecken1u@bandcamp.com,FR27 8962 6448 44HR 6DKW 2LHX G22,"Ndebele, South","Mayert, Corkery and Daugherty"
68,Megan,Askaw,maskaw1v@slate.com,IL80 4992 1810 7331 0051 850,Tsonga,"Hegmann, Christiansen and Kassulke"
69,Abbey,Durtnell,adurtnell1w@stanford.edu,VG59 JIXL 2155 5018 6465 3536,Croatian,"Langosh, Lang and Hoeger"
70,Frederick,Pallent,fpallent1x@mapy.cz,EE12 6994 7328 0896 6231,Navajo,"Block, Runolfsdottir and Legros"
71,Hadrian,Loudiane,hloudiane1y@arizona.edu,FR74 9906 2560 22VP WLMR ZWAN W84,Xhosa,Will-Romaguera
72,Eleanor,Simonetto,esimonetto1z@chicagotribune.com,BG46 QPVI 6008 24XR OHEC S2,English,Konopelski Group
73,Devonna,Minster,dminster20@narod.ru,FR83 3508 8212 29VB PV06 GM1V T03,Burmese,Nienow-Crooks
74,Eward,Burkhill,eburkhill21@usatoday.com,EE73 2243 8291 6790 2121,Wolof,Macejkovic Inc
75,Roxy,Jarvie,rjarvie22@ezinearticles.com,BE67 6885 9785 2170,Russian,"Kiehn, O'Reilly and Howell"
76,Hillard,Mc Andrew,hmcandrew23@fema.gov,AL70 5354 3375 XYKP 3BMX DRBK FDBF,Hausa,Lowe and Sons
77,Tirrell,Zoppo,tzoppo24@trellian.com,FR14 2352 0883 04EA BMLZ RKUW Q89,Mongolian,Schroeder Group
78,Lenard,Scaddon,lscaddon25@lulu.com,AD78 3188 8186 WT58 TAIK VPBS,Afar,"Rau, Lueilwitz and Abernathy"
79,Amie,Salamon,asalamon26@wired.com,FO96 0316 4705 7729 63,Xhosa,Turner Inc
80,Freddy,Milesap,fmilesap27@arstechnica.com,FR09 4015 9024 54T1 WPGD 9JR8 J50,Korean,"Sauer, Krajcik and Kunde"
81,Gerome,Sparham,gsparham28@si.edu,IS58 5894 1385 8844 5827 8322 20,Korean,Gerhold-Hackett
82,Kally,Senior,ksenior29@addthis.com,FR73 6772 9403 069B 93UZ LTF7 J61,Maltese,Brakus-Hartmann
83,Cassey,Dantesia,cdantesia2a@usatoday.com,PT34 3063 8582 7201 6364 3144 0,Hebrew,Glover Group
84,Harold,O'Dooghaine,hodooghaine2b@artisteer.com,SE93 4852 3433 0586 5212 9077,Central Khmer,Schaefer LLC
85,Hamish,Halliburton,hhalliburton2c@icq.com,MK56 904C 51AL J2TE C41,Ido,Jaskolski-Grimes
86,Marys,Bogart,mbogart2d@pbs.org,NO68 6512 8612 980,Ewe,"Friesen, Deckow and Osinski"
87,Brenn,Eyckel,beyckel2e@ovh.net,ES83 8583 1643 0260 5184 6767,Telugu,Lesch-Treutel
88,Cliff,Diwell,cdiwell2f@admin.ch,GB66 RFQO 6698 4417 3047 04,Polish,Miller Group
89,Olympie,Rochford,orochford2g@vimeo.com,GR36 0513 819G 7YNQ KCQ9 VFQY TIR,Chuvash,Schoen-Carroll
90,Ashlee,Pesselt,apesselt2h@vinaora.com,BA78 3841 4617 7234 6620,Turkish,Williamson-Dicki
91,Moises,Cunradi,mcunradi2i@slashdot.org,MT89 OIQX 4764 3LXA YPKC RV1M NKJA RZN,Spanish,"Auer, Gerlach and Dooley"
92,Chrisy,Grzeskowski,cgrzeskowski2j@sakura.ne.jp,GI34 LBNU TCQ5 IIU7 Y4Z3 WZF,Indonesian,"Collier, Hills and Jenkins"
93,Carey,Bate,cbate2k@jiathis.com,BH89 QXAE O2UW O3NQ 186O ER,Marshallese,"Jaskolski, Kuhn and Reinger"
94,Arleyne,Herrero,aherrero2l@theguardian.com,BG91 RBCN 8983 4654 VXTE M7,Luxembourgish,"Price, Anderson and Harber"
95,Verney,Stebbings,vstebbings2m@amazon.co.uk,IE84 UKGQ 6982 7258 9062 83,Samoan,"Abshire, Hane and Wisozk"
96,Karee,Waszczyk,kwaszczyk2n@php.net,BG04 SVAI 5415 012V KBXJ 8G,Komi,Wuckert-Sipes
97,Gran,Mallall,gmallall2o@comcast.net,LI53 3348 4QAL GNIP NWHF L,Divehi,Hilll-Carroll
98,Eddie,Shotton,eshotton2p@tinyurl.com,BH73 XBHX L4US 9TQA 9C7N 0V,Interlingue,Nader-White
99,Elvyn,Ravilus,eravilus2q@sogou.com,MR48 1983 3942 4798 7577 1233 187,Hausa,"Cruickshank, Hermann and Tillman"
100,Jorie,Falkingham,jfalkingham2r@blogtalkradio.com,KZ35 777G RG4S 3B1A UTUA,Latin,"Bruen, Rutherford and Altenwerth"
101,Corie,Lundberg,clundberg2s@dedecms.com,LB23 9929 ZTOG F3UV LQUP 64KI SOBX,Kazakh,Fay-Hagenes
102,Lanette,Orwin,lorwin2t@hubpages.com,MC67 4562 7234 95SE EXBQ DBP1 R41,Kongo,"Dach, Padberg and Hauck"
103,Addie,Ferres,aferres2u@angelfire.com,CZ97 0485 8835 7654 3880 5631,Albanian,"Gerhold, Howe and Wisozk"
104,Rodrigo,Deerr,rdeerr2v@nps.gov,IT07 V485 8950 479N AMZM U9NY I3F,Danish,Baumbach-Abshire
105,Germayne,Troillet,gtroillet2w@google.co.uk,GB94 KAVZ 8727 8558 0113 61,Swati,Braun and Sons
106,Barnabas,Whaites,bwhaites2x@domainmarket.com,FR71 0139 9465 61HS R5S8 P8H5 D85,Ukrainian,Wisozk Inc
107,Saw,Lodin,slodin2y@addtoany.com,FR02 1664 6337 4118 5ATJ K1NF 778,Occitan (post 1500),Wintheiser-Ullrich
108,Leyla,Snuggs,lsnuggs2z@t.co,PT09 2353 3052 6335 5302 2143 4,Finnish,Bechtelar Inc
109,Vito,Seyfart,vseyfart30@multiply.com,PS30 IETC WTRD BGCH 639W SJGH 3U1C 8,Sinhala,Swaniawski-Maggio
110,Nolana,Staff,nstaff31@newyorker.com,FR80 5353 3946 89QF NWLQ EJFA I54,Western Frisian,Rowe Group
111,Marthena,Dickman,mdickman32@rediff.com,RS04 2450 0136 1778 1735 81,Malay,"Sanford, Prohaska and Swift"
112,Darbee,Lung,dlung33@engadget.com,GB75 XIBD 5590 7400 9796 35,Polish,Ryan-Schinner
113,Lester,Cutmere,lcutmere34@uiuc.edu,GB14 PMQK 6394 8876 0509 83,Spanish,Greenfelder-Schaefer
114,Isadora,Carnelley,icarnelley35@eepurl.com,AT73 2378 6824 0683 8464,Assamese,"Ullrich, Douglas and Spinka"
115,Tremain,Dreschler,tdreschler36@studiopress.com,MR55 7412 6875 9879 6892 8189 091,"Greek, Modern (1453-)",Wunsch and Sons
116,Welch,Crilly,wcrilly37@sciencedirect.com,AE83 2758 7700 9589 9593 772,Volapük,Ledner and Sons
117,Mickie,Buttler,mbuttler38@mlb.com,FR87 2783 0783 85N4 5OTF 44J9 123,Galician,Mitchell Group
118,Dorthea,Fullylove,dfullylove39@scribd.com,ME42 7686 7712 5594 2535 04,Avaric,Marks Inc
119,Jilli,Crilley,jcrilley3a@nba.com,DO70 EX0A 6502 1345 4241 7008 0039,Navajo,"Herman, Koch and Swift"
120,Sybil,Klementz,sklementz3b@altervista.org,VG13 CMCF 5874 6354 3008 3007,French,Hand-Mitchell
121,Whitaker,Kubera,wkubera3c@cdc.gov,LU69 682P XSOO QVNL UJKU,Gujarati,"Carroll, Altenwerth and Cartwright"
122,Ber,Stearley,bstearley3d@cbslocal.com,BA17 5569 0666 0135 9487,Finnish,"Baumbach, Thompson and Wiza"
123,Daryl,Lambshine,dlambshine3e@reuters.com,MK67 594F Y04L JVIC Y66,Lingala,Cole Group
124,Jude,Oxenford,joxenford3f@ustream.tv,FR70 7818 5762 29RX LQZ7 R4RC A49,Tamil,"Shanahan, Christiansen and Ziemann"
125,Dietrich,Pesik,dpesik3g@mac.com,BE02 1253 5981 1493,Azerbaijani,O'Reilly and Sons
126,Leyla,Esel,lesel3h@mapy.cz,FR60 7514 6272 23GB IKTJ ZAHQ Y71,Tatar,"Gleichner, Wolff and Lind"
127,Julian,Crosswaite,jcrosswaite3i@wired.com,KW89 QPIV TYKX KFFI TDZC UXEV KHJ6 EN,Bosnian,Rohan-Dicki
128,Benita,Klossek,bklossek3j@shareasale.com,RS23 6799 9520 8994 5990 49,Vietnamese,Swaniawski-Russel
129,Amalea,Abrami,aabrami3k@seattletimes.com,PK22 BFAV VL7W VOCE QJXQ T972,Arabic,Walsh-Kovacek
130,Leelah,Rosettini,lrosettini3l@harvard.edu,GR83 4918 275I OAZ8 04CW 4EJH PGN,Avestan,"Altenwerth, Walsh and Schneider"
131,Juieta,Mollon,jmollon3m@posterous.com,FR29 4594 2110 64HF GF87 S9C9 X51,Corsican,Considine Group
132,Orville,Hopkyns,ohopkyns3n@soundcloud.com,GE67 CK10 5442 2959 2178 90,Dzongkha,"Armstrong, Hermann and Bahringer"
133,Agace,Gelling,agelling3o@edublogs.org,SE23 2720 5733 0215 6320 3659,Romanian,"Bechtelar, Hodkiewicz and Daniel"
134,Edward,Geane,egeane3p@webnode.com,TN05 6454 8702 6850 0857 1319,"Greek, Modern (1453-)",McDermott and Sons
135,Hollie,Huish,hhuish3q@cam.ac.uk,SA42 51OR 1UCP EPRP W98M 7NHZ,Tigrinya,Dietrich-Larson
136,Daria,Erni,derni3r@ftc.gov,MD84 C1EH OWBL 4OHD MPKA YG39,Slovak,Stamm Group
137,Culver,Berth,cberth3s@wikia.com,MU91 FZAQ 6360 1546 9612 5966 961L XP,Avestan,Okuneva and Sons
138,Skipper,Garrould,sgarrould3t@cpanel.net,GB06 FYPO 8500 9514 6501 53,Tigrinya,Sauer Group
139,Fred,Crichmer,fcrichmer3u@epa.gov,FO08 4159 1855 5079 90,Rundi,Grady-Parker
140,Maurise,Huitson,mhuitson3v@independent.co.uk,ES95 8604 5308 1543 7792 6265,"Ndebele, North",Lind-Zieme
141,Evvy,Louiset,elouiset3w@unblog.fr,FR57 6521 7743 68MY GGNX NVFQ L60,Ido,"Ruecker, Stokes and Bogan"
142,Steve,Fuentez,sfuentez3x@examiner.com,FR43 4717 3192 93SP RI9O TAOO J35,Rundi,Greenholt-Stehr
143,Riccardo,Pindar,rpindar3y@over-blog.com,DK43 0529 2403 8967 90,Turkish,"Gleichner, Satterfield and Moore"
144,Cody,Pawling,cpawling3z@sfgate.com,FR26 4666 7190 96YM XPYC OIJJ 101,Slovak,Hammes-DuBuque
145,Vevay,Piecha,vpiecha40@github.io,MR32 9936 9012 8924 9793 6146 931,Slovak,Bartoletti-Stoltenberg
146,Perla,Helliar,phelliar41@blog.com,AD03 3522 9701 KHCX BYID 2ENL,Bambara,Rolfson and Sons
147,Richard,Santostefano.,rsantostefano42@discuz.net,SI36 6487 9180 8945 414,Manx,Friesen-Schuster
148,Bunnie,Alflat,balflat43@github.io,MR40 8825 3193 7352 4623 5656 937,Malagasy,"Kemmer, Gutkowski and Wisoky"
149,Lodovico,Cordie,lcordie44@ameblo.jp,NL63 GPZT 6717 0332 84,Sardinian,Murazik Inc
150,Donavon,Farn,dfarn45@sciencedaily.com,LI50 4834 7GD6 RJSN 2XJY S,Sanskrit,Wuckert-Rau
151,Carole,Houlston,choulston46@jugem.jp,NO33 3888 7027 264,Turkish,Greenholt Group
152,Celene,Knowlden,cknowlden47@example.com,KW35 FYHV F1EA PTGP FYF5 4RHX Y8ZZ OH,French,Durgan-Hayes
153,Helge,Scroggie,hscroggie48@ucoz.ru,LT31 2203 7496 6116 8210,Hungarian,Green Group
154,Gardner,Lorens,glorens49@cbc.ca,BG12 BLZN 1882 10ZE S07V LN,Bosnian,Stiedemann-Marks
155,Marsha,Pabelik,mpabelik4a@soup.io,FO45 7245 2511 5397 70,Haitian,Kovacek-Jakubowski
156,Antonietta,Elies,aelies4b@godaddy.com,GB50 BCCL 2016 7486 0974 37,Luba-Katanga,Wisoky LLC
157,Vick,Worsalls,vworsalls4c@princeton.edu,GL03 7985 0312 7298 00,Romanian,Jakubowski LLC
158,Alice,Klulik,aklulik4d@ezinearticles.com,KW28 NMFY MNQH FHHZ E9RF 92XE RKA8 1J,Marshallese,"Rath, McDermott and Dibbert"
159,Elaina,Whitrod,ewhitrod4e@geocities.jp,DE57 8984 0759 1201 3318 96,Tagalog,Rempel-Kuvalis
160,Garv,holmes,gholmes4f@csmonitor.com,FI58 4910 7068 7854 73,Yoruba,Yundt Group
161,Mercedes,Balsdone,mbalsdone4g@is.gd,MC21 4816 2573 085L ETSN JBXR X75,Inupiaq,Franecki Group
162,Myles,Coggins,mcoggins4h@nsw.gov.au,PS40 DRPZ BAWN IJ2Y 9YS5 YHTU UXVC F,Akan,"Hudson, Kemmer and Ortiz"
163,Jean,Dowderswell,jdowderswell4i@hatena.ne.jp,FR77 3742 1694 105M S1U4 4B3G H85,Volapük,"Harvey, Sporer and Torphy"
164,Gianina,Rendell,grendell4j@baidu.com,FR32 4376 5354 31HD IY8A VY3X A65,Northern Sami,"McKenzie, Johns and Sanford"
165,Vicki,Falla,vfalla4k@google.es,MT35 RXIX 6893 419S 9CJJ YTAZ D3XH WZF,Albanian,"Dickens, Flatley and Prosacco"
166,Gabby,Chessum,gchessum4l@fc2.com,FR52 2423 4959 46LQ NODG NDL3 B35,Tswana,O'Keefe-Mayert
167,Harlan,Pash,hpash4m@gov.uk,FR15 5751 6022 179V OTEB JJEQ L24,Hausa,"Pfannerstill, Wintheiser and Spinka"
168,Errick,Franzoli,efranzoli4n@ebay.co.uk,RS04 0280 8862 8821 1360 68,Guarani,Borer-Rempel
169,Andrew,Hayhurst,ahayhurst4o@state.tx.us,PL21 3714 0955 0329 2100 9864 6009,Urdu,Littel-Weber
170,Ofilia,Beldom,obeldom4p@sphinn.com,HR51 8602 6945 1129 7510 1,Zulu,Bernier-Goldner
171,Aeriell,Puckrin,apuckrin4q@diigo.com,MK76 805K VKX1 GLE9 X31,Vietnamese,Ondricka LLC
172,Portie,Petters,ppetters4r@ft.com,LB54 8218 RAAA DFQ4 XRNV 6YJH EZIN,Arabic,Oberbrunner-Hickle
173,Ogdon,Remmers,oremmers4s@theglobeandmail.com,MC55 2840 1814 69OH 2CNV U7HJ H74,Italian,Gislason-Veum
174,Monte,Leithgoe,mleithgoe4t@bluehost.com,FR97 3603 6351 22EK APSQ KZFM 320,Shona,"Osinski, Heidenreich and Beahan"
175,Valentino,Malinowski,vmalinowski4u@abc.net.au,FR75 2550 9845 90LT JQUO XLO6 892,Irish,Stamm Inc
176,Poppy,Southouse,psouthouse4v@studiopress.com,FR09 0826 5177 76LI AMYW IELU W66,Church Slavic,Schuster-Herman
177,Aindrea,Spray,aspray4w@salon.com,TN24 5295 6599 5879 6614 9077,Basque,Stehr and Sons
178,Holden,Tubritt,htubritt4x@nytimes.com,BA66 1385 2798 1605 2104,Welsh,Russel-Konopelski
179,Bryana,Sallan,bsallan4y@typepad.com,FR70 4168 9155 446G YWJM YJN9 K24,Ewe,Kautzer-Morissette
180,Ingaborg,Strangeway,istrangeway4z@cdc.gov,MR57 7849 9765 4474 2543 7884 161,Estonian,Corkery-Quigley
181,Siana,Rubinsaft,srubinsaft50@state.gov,DE46 2808 0943 3462 0175 44,Kurdish,Kautzer and Sons
182,Rudy,Olyet,rolyet51@sciencedaily.com,FR39 7946 7456 417A MCQ7 GFM4 A10,Akan,"Pfeffer, Mann and Shields"
183,Jaime,Cuttler,jcuttler52@edublogs.org,CZ31 5471 2847 7127 2759 0005,Oriya,Bosco-Littel
184,Esmeralda,Scantleberry,escantleberry53@paypal.com,FR67 3188 2472 28PO M03X SLVB H17,Sardinian,Prohaska-Keeling
185,Aloysius,Ganniclifft,aganniclifft54@xing.com,FR95 2331 7263 39KK 82RC WULZ 301,Kanuri,Hudson-Stracke
186,Bridget,Everingham,beveringham55@virginia.edu,AZ70 JPLD JG5L KTQD KRPB KHVZ FZMH,Tonga (Tonga Islands),Nader Group
187,Ailsun,Ducarel,aducarel56@statcounter.com,DK06 5896 1480 4342 57,Chamorro,Ledner-Marks
188,Esmaria,Milhench,emilhench57@bloglovin.com,FR92 5029 6293 09O8 SRBL NRLH H87,Northern Sami,Hyatt-Larkin
189,Matthaeus,Shmyr,mshmyr58@home.pl,ES98 3042 3976 2073 3633 2428,Breton,Emard Group
190,Corilla,Dimitriev,cdimitriev59@bloglovin.com,LI14 1652 7A3H IMOO EBPM O,Kongo,Lehner Group
191,Sorcha,Redpath,sredpath5a@jimdo.com,FR70 1828 4582 78CP CTEB YFXX P10,Macedonian,Berge Inc
192,Agata,Cambling,acambling5b@house.gov,RO94 LONC YZLY EGC9 WD4U LAJR,Mongolian,Bernhard-Ziemann
193,Ritchie,Whiscard,rwhiscard5c@studiopress.com,TR87 0390 9TPF UBIV LOAW TLTO Q6,Persian,Feeney and Sons
194,Deeann,Mulgrew,dmulgrew5d@blogtalkradio.com,GL86 2851 9337 6004 94,Kinyarwanda,"Fay, Christiansen and Wolf"
195,Chase,McDougal,cmcdougal5e@icq.com,GB32 WVZM 4674 0649 5418 17,Ewe,"Littel, Dickens and Jerde"
196,Laverne,Woolcocks,lwoolcocks5f@unc.edu,SE55 9614 0294 2272 8493 2580,Kuanyama,Johnston Inc
197,Clemmy,Curtayne,ccurtayne5g@bbc.co.uk,DK76 3040 0979 6167 32,Swedish,Heaney Group
198,Merl,Gorriessen,mgorriessen5h@blogspot.com,FR69 8243 7734 8014 XZWN NAJ9 J91,French,Mante-Bayer
199,Gunther,Blanning,gblanning5i@icq.com,LI11 8144 332T QUPI LCA9 R,Interlingua (International Auxiliary Language Association),Hyatt Group
200,Ludwig,Lock,llock5j@de.vu,KZ98 407T HALW MRZC F3B7,Serbian,Thompson-Pfeffer
201,Shannen,D'Ambrogi,sdambrogi5k@free.fr,LB05 2806 NTBU WDDP 5OB0 MJTR M9KC,Vietnamese,Toy-Simonis
202,Patricia,Curme,pcurme5l@booking.com,SI55 6708 2628 6425 898,Malayalam,Flatley LLC
203,Lion,Frowd,lfrowd5m@usnews.com,BE15 7670 3304 3088,Occitan (post 1500),Crona and Sons
204,Koralle,Moulster,kmoulster5n@over-blog.com,CZ38 4235 6015 6845 2867 4874,Avestan,Marks-Feeney
205,Katharina,Rosberg,krosberg5o@virginia.edu,IE44 CKPV 4966 4719 8567 75,Spanish,"Kulas, Hyatt and Kuhlman"
206,Dorree,Deabill,ddeabill5p@springer.com,PK16 AWHV GT9Q UEDU GICQ T3ML,Serbian,Balistreri Inc
207,Lorrie,Amoore,lamoore5q@histats.com,FR30 9046 0408 41L7 MEQH G0LB 144,Sardinian,O'Conner-Simonis
208,Eugene,Elnor,eelnor5r@pen.io,MK06 530X 6OJN BAWT M47,Sundanese,"Macejkovic, Tromp and Pacocha"
209,Pepito,Paddemore,ppaddemore5s@mapquest.com,AE65 0599 6124 9160 4275 194,Central Khmer,"Ondricka, Pfannerstill and Dickinson"
210,Carr,Aphale,caphale5t@artisteer.com,MR41 1866 8796 6465 6295 5620 252,Tswana,"Leannon, Heaney and Stoltenberg"
211,Raleigh,Mendonca,rmendonca5u@exblog.jp,KW46 INFB 2NFG EVCT FVZX IAVR IVSG G4,Vietnamese,Mosciski Inc
212,Barnabe,Aleksandrov,baleksandrov5v@linkedin.com,HR40 2380 6703 0672 9499 1,Abkhazian,Kohler and Sons
213,Brook,Whinney,bwhinney5w@ning.com,VG28 HDLS 7025 2457 7504 9397,Hindi,Lind-Schmeler
214,Kelley,Deamer,kdeamer5x@blogtalkradio.com,SK31 7994 2004 3127 0464 9576,Burmese,"Hilpert, Spencer and Prosacco"
215,Lorene,Kynaston,lkynaston5y@usnews.com,GL08 5336 3303 1469 93,"Ndebele, North",Koch LLC
216,Micky,Provis,mprovis5z@soup.io,NL08 DKNM 1738 8533 69,Lao,Gulgowski-Mills
217,Philbert,McShirie,pmcshirie60@columbia.edu,GR12 7557 652E AESI VS1F LHK0 FQM,Zulu,"Franecki, Gibson and Swaniawski"
218,Shalna,Dogerty,sdogerty61@twitter.com,HU40 4327 3607 5524 9303 3996 7866,Malagasy,Renner and Sons
219,Billy,Trunchion,btrunchion62@bloglines.com,BG10 FLEU 3727 46WM U3FZ 02,Church Slavic,Koelpin-Kris
220,Emmery,Inglefield,einglefield63@sphinn.com,MK40 986U ZVDQ 6QCL P94,Macedonian,Treutel and Sons
221,Vilhelmina,Caswell,vcaswell64@nih.gov,IT21 C886 5064 1910 B6IU ROBA SH3,Igbo,Keebler-McLaughlin
222,Elberta,Wayvill,ewayvill65@ustream.tv,RO53 XLSH KJZG NDNB 6YJK 9QID,Afrikaans,Cartwright LLC
223,Ainslee,Armitage,aarmitage66@homestead.com,GI22 DBXC 4VME HUTE 6K6Z N4T,Turkmen,Torp and Sons
224,Deanna,Mollitt,dmollitt67@bloglovin.com,FR25 0339 8693 23D0 FJDI QEAU R69,Turkmen,Stoltenberg Group
225,Leelah,Worledge,lworledge68@imgur.com,HR36 5239 1281 0939 3275 5,Aymara,"McDermott, Olson and Murphy"
226,Tybie,Badger,tbadger69@studiopress.com,SK89 5619 0010 9617 2633 0980,Rundi,Hoeger and Sons
227,Esdras,Weighell,eweighell6a@typepad.com,GI92 RWTE FLI6 JHEG V3A5 DQF,Breton,Hintz-Reilly
228,Fitz,Juanes,fjuanes6b@e-recht24.de,BE06 7553 6201 7412,Tigrinya,Mertz-Bashirian
229,Yelena,Acosta,yacosta6c@163.com,PK71 ZEAB 46KC J6HY VKYO RPMS,Dzongkha,Gorczany Group
230,Rickie,Speller,rspeller6d@engadget.com,PS78 HSBL EV6Q VNLW NU8R VDXT CXSO F,Nauru,Pacocha-Reinger
231,Haily,Pomery,hpomery6e@businessweek.com,BR73 6011 5317 1557 3000 9165 857I Q,Kirghiz,Dicki-Green
232,Grantley,Chipchase,gchipchase6f@senate.gov,SE05 2329 4029 0382 1696 2125,Pali,"D'Amore, Kling and Kemmer"
233,Anette,Jacobi,ajacobi6g@sohu.com,ES82 3274 1194 7370 5783 4460,Twi,Witting-Cronin
234,Kyle,Blose,kblose6h@yelp.com,FR69 5919 0842 41DY S66G 7YWN L98,Northern Sami,Lakin-Gerhold
235,Danyelle,Inkster,dinkster6i@yellowbook.com,HU54 6834 3863 1248 9962 6879 8098,Western Frisian,Ebert-Leffler
236,Mike,Lorait,mlorait6j@soundcloud.com,HU74 9036 2973 7147 2949 7050 7284,Panjabi,"Pacocha, Stehr and Smitham"
237,Nata,Tabbernor,ntabbernor6k@washington.edu,GI68 QAJV ZUNO TIXP WWKC MEU,Sinhala,Bosco-Howell
238,Rebekah,Klimek,rklimek6l@spotify.com,AD31 9957 8574 NUS8 NOOI TFYH,Ossetian,Bernhard Group
239,Jayne,Gathercole,jgathercole6m@devhub.com,ES44 0812 7739 0777 0555 9946,Igbo,Cummerata-Keebler
240,Erina,Maultby,emaultby6n@geocities.jp,LI98 8330 2B2W VTHA VSEL R,Oriya,Little-Herman
241,Hillel,Waberer,hwaberer6o@bandcamp.com,DE84 5271 9748 2272 2690 20,Welsh,"Bechtelar, Schaefer and Monahan"
242,Jacinda,Surman-Wells,jsurmanwells6p@wp.com,PK35 IXYM HTSR CNTR SZDA ITG4,Hindi,Schumm Group
243,Brandie,Giacovelli,bgiacovelli6q@japanpost.jp,FR78 1992 0862 09PB KNLW OKDO O45,Latin,"Rogahn, Haag and McKenzie"
244,Lane,Ebenezer,lebenezer6r@bloglines.com,FR19 0372 6109 44QY T9QO NCV8 U48,Chuvash,Kulas-Lebsack
245,Cordell,Comazzo,ccomazzo6s@accuweather.com,FR21 2726 3654 14JK QX8O FVX4 I86,Tagalog,"Harvey, Ratke and Little"
246,Tomi,Gonzalo,tgonzalo6t@squidoo.com,LI85 3211 1ALU O190 LINQ E,Norwegian Nynorsk,"Gutmann, Connelly and Emmerich"
247,Casi,Addyman,caddyman6u@dot.gov,NO64 9934 6048 357,Nauru,Schneider LLC
248,Maynord,MacKilroe,mmackilroe6v@hatena.ne.jp,GL64 8458 9915 3369 25,Slovenian,"Collier, Bartell and Roberts"
249,Norris,Farenden,nfarenden6w@nasa.gov,BG60 FRRC 5277 53DW IZBC QN,Kurdish,Murazik-Padberg
250,Walsh,MacConchie,wmacconchie6x@ucla.edu,SI64 7334 7999 3430 039,Ido,"Cummerata, Carter and Sawayn"
251,Tracie,Phelan,tphelan6y@cocolog-nifty.com,EE45 8476 2734 3951 3101,Inupiaq,Towne Group
252,Jeannette,Yegoshin,jyegoshin6z@earthlink.net,AZ49 RVHW B3NL J6TP 9DIS BKXR 7GZ2,French,Ledner-Corwin
253,Kyrstin,Hamblington,khamblington70@hexun.com,PT30 2392 3827 2870 4775 1052 0,Tibetan,"Feeney, Carter and Trantow"
254,Mariette,Abbis,mabbis71@elpais.com,BE74 6058 8091 5319,Lingala,Hane Group
255,Alaric,Povall,apovall72@rakuten.co.jp,GR83 6312 7194 0V24 NNJ3 SOJK BGQ,Kanuri,"Halvorson, Gleichner and Quigley"
256,Olivia,Pilsbury,opilsbury73@google.co.uk,KW34 UVIM AUZD A1TI GZQ2 VGPG C1F4 QQ,Nauru,Goldner-Gerlach
257,Rafaello,Harwood,rharwood74@ycombinator.com,MK26 536A A7ZK AI2R F69,Xhosa,"Bartell, Denesik and Cronin"
258,Joanne,Trunkfield,jtrunkfield75@mozilla.org,LU51 275L JU1W 306X XWQF,Serbian,"Hamill, Boehm and Reinger"
259,Onfroi,Minghi,ominghi76@etsy.com,GI24 KUQZ XBES CKSL DLEZ U22,Spanish,Donnelly and Sons
260,Vitia,Ferrino,vferrino77@abc.net.au,GB13 SMAA 3859 4131 1326 53,Navajo,Lesch Inc
261,Cart,Hugill,chugill78@wiley.com,IT61 E675 0627 742H WLFP RTTV K8T,Hiri Motu,Bernhard and Sons
262,Randa,Hovington,rhovington79@guardian.co.uk,LT53 1926 0431 3188 5495,Ndonga,Upton-Fay
263,Drew,Palfree,dpalfree7a@last.fm,SI47 8355 5719 1924 106,Yoruba,Muller Group
264,Gibby,Lambregts,glambregts7b@cloudflare.com,AD68 0401 2038 H6PB QMQX 7M7I,Herero,Maggio Group
265,Terencio,Baldacchi,tbaldacchi7c@tuttocitta.it,PK26 YPTB P85E 9QSJ PQ2J UTTN,Icelandic,Nitzsche-Stanton
266,Ashien,Fieldsend,afieldsend7d@github.io,BH04 VLHT 3WJZ LWVH SL7D ZA,Divehi,"Wisoky, Prohaska and Jenkins"
267,Patton,Kee,pkee7e@opera.com,AL07 6874 0349 VCFY 4KFA N83F ZWWY,Pali,Goldner and Sons
268,Lilllie,Le Noir,llenoir7f@sphinn.com,SI27 5915 5548 5696 869,Thai,Hane Group
269,Fredric,Igounet,figounet7g@npr.org,DO60 AZUJ 4531 7250 9277 7638 6307,Ukrainian,Kohler-McLaughlin
270,August,Le Houx,alehoux7h@ning.com,BE08 2140 1941 1206,Albanian,King-Harvey
271,Shanie,Balmer,sbalmer7i@github.io,SM58 X150 1785 727X UKIU K14T QHY,Shona,Ratke Group
272,Inga,Scoon,iscoon7j@scientificamerican.com,BE57 4112 4556 1551,Romansh,Keebler-Nikolaus
273,Waylon,Zannotti,wzannotti7k@wix.com,HR11 2767 6000 0610 0540 9,German,"Turner, Kerluke and Corwin"
274,Kate,Fordyce,kfordyce7l@blinklist.com,CY21 3971 1015 EVXX N6ND ZN3N X1PL,Burmese,"Jacobi, Wilkinson and Ortiz"
275,Elie,Konzel,ekonzel7m@delicious.com,MK33 4670 HQZI 0XKL O83,Navajo,Rippin and Sons
276,Leigh,Pleager,lpleager7n@mlb.com,LB53 2305 EKJN A0NP PTOT IB77 66DQ,Ossetian,Emmerich-Tromp
277,Elisabeth,Chell,echell7o@sciencedirect.com,HR87 2717 1921 7316 0961 1,Ukrainian,Gutkowski LLC
278,Sandor,Jahncke,sjahncke7p@lulu.com,GT16 WOZX DPP9 IV73 TAIE SVZN WW7Y,Samoan,Powlowski and Sons
279,Ilene,Verne,iverne7q@vk.com,GE52 ME23 9338 5320 3757 16,Interlingue,"Satterfield, Treutel and Effertz"
280,Pepe,Flea,pflea7r@constantcontact.com,HR68 5374 5217 3720 2298 2,Tsonga,"Runolfsson, Dibbert and Collins"
281,Immanuel,MacRannell,imacrannell7s@kickstarter.com,TN14 6992 2942 2924 9780 5202,Finnish,Smitham-Purdy
282,Fara,Delacroux,fdelacroux7t@bluehost.com,FR81 3018 6806 35C8 BHFM D3VE W07,Chichewa,Rowe LLC
283,Pall,Money,pmoney7u@com.com,FR21 9679 3950 58BO PEY8 GQ89 L02,Luba-Katanga,McKenzie-Zieme
284,Fianna,McSparran,fmcsparran7v@guardian.co.uk,AE22 8354 9161 6504 5083 761,Indonesian,Adams and Sons
285,Beilul,Fone,bfone7w@list-manage.com,FR55 9080 2900 92GC AMCN VNH5 R77,Azerbaijani,Torphy Inc
286,Herminia,Albery,halbery7x@blogspot.com,GB44 LPMP 0526 7149 0438 51,Chinese,Bechtelar and Sons
287,Lee,Stowe,lstowe7y@ca.gov,GL63 2285 0395 4463 80,"Greek, Modern (1453-)",Miller-Daniel
288,Lanny,Clamp,lclamp7z@disqus.com,MT70 MCGH 2258 2SHT ASIK EA1B AW6Q 1WA,Polish,Bradtke and Sons
289,Andria,Kelemen,akelemen80@goo.ne.jp,FR66 8636 7653 65MI FZCM U25T Z09,Kongo,"Swaniawski, Green and O'Conner"
290,Kala,Pinare,kpinare81@chron.com,DE93 5642 5784 1045 3350 37,Western Frisian,"Orn, Jakubowski and Wilkinson"
291,Hester,Worsham,hworsham82@tinyurl.com,FR92 6139 3537 36HL SYIL BWXF E70,Nepali,McClure-Rutherford
292,Rudiger,Bastin,rbastin83@edublogs.org,FR21 8722 9931 29VP BKAR YQ4O 001,Yiddish,Dickinson-Lynch
293,Jill,Cahalan,jcahalan84@google.nl,BG85 LOZV 8750 72TP IVT2 TY,Breton,Leannon and Sons
294,Alana,Rodder,arodder85@businessweek.com,GT12 MC1Q XWUK F75A MZW2 TAJW GBYF,Belarusian,Feest and Sons
295,Rutledge,Kleinstern,rkleinstern86@technorati.com,LU49 688M MKND JVEW KMAM,"Bokmål, Norwegian",Gusikowski LLC
296,Aldridge,Gutch,agutch87@php.net,AZ35 GZBX ESJU FFUB B8UD C12T EYRD,Navajo,Hegmann and Sons
297,Warden,Cleator,wcleator88@bigcartel.com,LI87 8813 9UAQ Y24C G50G F,Ido,"Balistreri, Dicki and Schneider"
298,Lennard,Fewless,lfewless89@moonfruit.com,PT10 2790 0749 8250 9735 4184 5,Danish,"Kertzmann, Grady and Kunde"
299,Augustine,Loudon,aloudon8a@cornell.edu,PS67 IQNL KH8Y 0VUK 7UJD ER0D JMIJ A,Serbian,Wiza LLC
300,Yankee,Bulpitt,ybulpitt8b@cocolog-nifty.com,TR58 5047 94RJ 0M5V L0WK J3LN 1S,Polish,Medhurst-Kihn
301,Pansy,Harbisher,pharbisher8c@pinterest.com,BA68 6001 8269 6091 7386,Romansh,Leuschke-Hilll
302,Colman,Pendlington,cpendlington8d@sciencedaily.com,FR42 3273 1784 440V UT5F AWK6 167,Yiddish,"Kessler, Rolfson and DuBuque"
303,Kayle,Savege,ksavege8e@quantcast.com,SK63 5330 6360 7157 0523 0723,Xhosa,"Wisoky, Kessler and Beer"
304,Kaitlin,Donnelly,kdonnelly8f@opensource.org,PL38 4240 3339 6434 0232 6568 7753,Tahitian,Gutmann and Sons
305,Kaine,Jankovic,kjankovic8g@blog.com,CY70 6420 1135 DE34 XCVK ATTX 4DZU,Faroese,Walsh Inc
306,Jobey,Creasy,jcreasy8h@scientificamerican.com,PS66 DFXC 8KM4 GO57 95KW TNKP TI3X I,Azerbaijani,"Altenwerth, Feeney and Heidenreich"
307,Jodi,Lomb,jlomb8i@bbb.org,DO05 CICG 5547 9428 9650 1876 3268,Vietnamese,Schuster-Hammes
308,Glynda,Whitemarsh,gwhitemarsh8j@nhs.uk,SE25 9539 6414 2663 0505 3406,Tahitian,Hoeger-Heller
309,Chrystel,Coate,ccoate8k@ning.com,GB39 ALDL 1169 1626 9305 60,Hausa,"Hirthe, Heathcote and Towne"
310,Inge,Halton,ihalton8l@discovery.com,GE68 EA57 0785 2648 9527 39,Tajik,Feeney-Adams
311,Chantal,Bonn,cbonn8m@netscape.com,SM06 X420 0106 739J O8GT S3BL BE2,Romanian,Herzog Group
312,Etheline,Huntington,ehuntington8n@usda.gov,GB78 SWLW 2729 3587 4852 44,Tonga (Tonga Islands),"Koss, Deckow and Mertz"
313,Marijo,Liddel,mliddel8o@cnbc.com,HU69 3742 2110 4985 3511 0161 8739,Ewe,Lockman and Sons
314,Sarena,Thorogood,sthorogood8p@wikimedia.org,RS15 6454 0190 8551 0415 31,Yoruba,"Ferry, Wehner and Kshlerin"
315,Maryjane,Prew,mprew8q@shinystat.com,RS35 5743 6128 0730 7883 48,Sardinian,Crist-Kreiger
316,Philis,Yalden,pyalden8r@quantcast.com,FR11 5431 9912 45VR AO1G GBWY X26,Somali,"Jast, Funk and Kozey"
317,Aeriela,Greatbanks,agreatbanks8s@berkeley.edu,LV78 RZZW ICPW NGHG V2TR V,Akan,Klocko Group
318,Daile,Frid,dfrid8t@joomla.org,BG46 ZCTW 3139 10BD KUGY Y6,Inupiaq,Ziemann LLC
319,Reinaldo,Karle,rkarle8u@about.com,CH08 0386 3XR9 7JLU DVLU O,Azerbaijani,Donnelly LLC
320,Deborah,Hallybone,dhallybone8v@devhub.com,HR45 4805 2428 9456 2354 3,Polish,Schowalter Inc
321,Connie,Stiell,cstiell8w@yolasite.com,EE21 9203 6453 9929 8290,Turkmen,Rodriguez Group
322,Celle,Adkins,cadkins8x@1688.com,RS08 5621 3274 9763 2953 01,Kikuyu,Friesen-Koelpin
323,Shepperd,Knight,sknight8y@sohu.com,AD67 5734 5630 VISY KMPQ ZGXZ,Faroese,Mraz-Howell
324,Gilda,Pellett,gpellett8z@spotify.com,AL15 3327 9288 LB5B LAGV R1US LNSF,French,"Weissnat, O'Connell and D'Amore"
325,Marcela,Cristoforo,mcristoforo90@wordpress.org,CH96 4272 68JW PERZ Y3FD O,Interlingue,Kuvalis LLC
326,Gunar,Shearn,gshearn91@bloglines.com,FR53 9243 0912 57PY DPPN 9O1K N28,Arabic,Maggio LLC
327,Sallyanne,Studholme,sstudholme92@thetimes.co.uk,EE88 4492 3513 4445 3905,Afar,Greenfelder-Stoltenberg
328,Livy,Dudding,ldudding93@nature.com,FR75 4243 5465 68NT FUCJ RYF2 D05,Dutch,Reichel LLC
329,Tomasine,Cocklie,tcocklie94@ihg.com,LB97 6415 OLFB 4EY8 K98Q UHNZ HIAL,Urdu,Ratke-Champlin
330,Felice,Fraschini,ffraschini95@skype.com,GB73 KVGW 5562 8508 1551 72,Marshallese,"Greenfelder, Waters and Dare"
331,Shaw,Dillimore,sdillimore96@bluehost.com,FI07 7039 4151 1474 01,Northern Sami,"Gorczany, Streich and Stanton"
332,Lynne,Hedworth,lhedworth97@simplemachines.org,BH88 UXDO HLC6 FWHJ OIQX IE,Portuguese,Paucek LLC
333,Cynthia,Halfhead,chalfhead98@virginia.edu,ME62 7562 3845 7706 1703 36,Slovenian,Huel-Howell
334,Rickie,Berthe,rberthe99@woothemes.com,BA84 9747 3211 7461 2505,Maltese,Cormier-Brakus
335,Aldridge,Wakeley,awakeley9a@is.gd,BG29 SPOQ 0290 7032 JQEM F4,Navajo,Bosco-Veum
336,Michaella,Billett,mbillett9b@ow.ly,CR57 1801 8380 1024 8968 7,Kurdish,Larson-Hauck
337,Phineas,Curtiss,pcurtiss9c@simplemachines.org,PS49 TCGE S3QI NDJQ WDWM A6G9 HOV0 L,Mongolian,Bernier Group
338,Quint,Whitaker,qwhitaker9d@army.mil,SI56 5005 2385 4030 773,Malagasy,"Lang, Prohaska and Terry"
339,Johnnie,Spykins,jspykins9e@noaa.gov,FR46 9449 7909 55SV FPRL JWBM 642,Corsican,Koch Inc
340,Finley,Landeaux,flandeaux9f@miibeian.gov.cn,ME93 7557 4847 0442 1932 04,Tibetan,Crona Inc
341,Juieta,Leschelle,jleschelle9g@jiathis.com,MC07 9995 7320 45GL SUAL CN04 A75,Shona,Wilkinson and Sons
342,Terza,Meatcher,tmeatcher9h@facebook.com,DE70 1965 0418 3801 7621 16,Belarusian,"Schinner, Macejkovic and McDermott"
343,Filide,Hamnet,fhamnet9i@china.com.cn,KW83 SEDH VNES L12M UC5L 5QWY N7I2 TW,Chinese,Dietrich-Connelly
344,Bentlee,Flarity,bflarity9j@t-online.de,DO63 QTVO 4216 2189 1052 7850 8701,Tibetan,Stark-VonRueden
345,Tomi,Nelthorp,tnelthorp9k@alibaba.com,FR72 4588 3262 56UE FDI1 1AGK 392,Belarusian,"Klein, Von and Dare"
346,Kanya,Kervin,kkervin9l@blinklist.com,CR53 4397 0676 2804 0880 1,Tswana,"McDermott, Huels and Wuckert"
347,Gradeigh,Matuszewski,gmatuszewski9m@noaa.gov,PL53 9123 9189 1235 6559 3545 2924,Macedonian,Jenkins and Sons
348,Anthia,Pettitt,apettitt9n@deviantart.com,KW57 NRVV 1AHH HXM0 OIC4 WPMI YN5J V5,Dzongkha,Balistreri-Howell
349,Hinze,Gisbey,hgisbey9o@netvibes.com,AE96 9692 1482 4617 1302 395,Akan,Denesik-Leannon
350,Evered,Blindmann,eblindmann9p@redcross.org,IL48 6717 0618 3564 8184 096,Rundi,Rowe LLC
351,Quent,Mallindine,qmallindine9q@weebly.com,LB29 6709 LYJ9 NWWX QW79 PZDY VRIZ,Kinyarwanda,"Satterfield, Steuber and Huel"
352,Jarad,Blunkett,jblunkett9r@cloudflare.com,SK03 9840 8252 8633 7335 3208,Arabic,Anderson-O'Connell
353,Vivienne,Clout,vclout9s@prnewswire.com,HU29 0806 2413 4845 0949 8228 0242,Twi,"Haag, Lynch and Daniel"
354,Berke,Buston,bbuston9t@moonfruit.com,EE97 3874 1271 7415 6282,Avaric,"Pagac, Rodriguez and Windler"
355,Conny,West,cwest9u@zimbio.com,KW34 MKHV JXPJ NHIR YFVG Z0P7 F2AM QB,Dutch,Boyle Group
356,Danya,Flahive,dflahive9v@bloglines.com,GB87 UMHH 1401 2555 3717 40,Tatar,DuBuque Group
357,Gilemette,Bulstrode,gbulstrode9w@sphinn.com,FR13 0981 8454 81ZW MAVO AMRZ G93,Japanese,Murphy and Sons
358,David,Rattenbury,drattenbury9x@weibo.com,IE86 JGUF 7206 9027 9166 70,Haitian,"Lehner, Cremin and Beahan"
359,Salomon,Verbrugge,sverbrugge9y@163.com,BH57 ZYFM LUZS Z8TM 6E4X 5F,Tonga (Tonga Islands),Stoltenberg-Rice
360,Demott,Eldrett,deldrett9z@theatlantic.com,MK98 6813 BOJG ZJHD X24,"Bokmål, Norwegian","Effertz, Bins and Heller"
361,Druci,Mylechreest,dmylechreesta0@barnesandnoble.com,PL06 5940 4419 4864 0982 6746 0645,Lingala,Flatley-Hayes
362,Roberta,Dumelow,rdumelowa1@auda.org.au,AT47 1651 7337 8178 5629,Tamil,Friesen Group
363,Jesus,Housegoe,jhousegoea2@myspace.com,NL86 DBHX 2386 5817 31,Inupiaq,"O'Connell, Bahringer and Heller"
364,Risa,Matis,rmatisa3@time.com,FR97 2529 6672 36AU G9UV OQAS S57,Estonian,Morar Group
365,Gertie,Salzburger,gsalzburgera4@mashable.com,GE12 EN64 8756 1649 8660 93,Northern Sami,Mayer-Langworth
366,Thain,Dreger,tdregera5@cornell.edu,VG43 JCHM 0346 3118 0044 9100,Aragonese,"Crooks, Shanahan and Cassin"
367,Addie,Wallman,awallmana6@indiegogo.com,MR73 6933 2722 3686 1471 8212 843,Rundi,"Cremin, Howe and Braun"
368,Matelda,Bartosch,mbartoscha7@yahoo.com,ME71 4625 2788 4658 8767 33,Hindi,Reichert-Hoppe
369,Jackson,Aldrich,jaldricha8@hao123.com,MU40 ONVQ 1815 0920 7573 5117 249K OC,Volapük,Rempel Group
370,Hope,Haversham,hhavershama9@marketwatch.com,MR21 2403 1429 2059 0029 6620 306,Ido,Mayer-Gleichner
371,Janot,Heigl,jheiglaa@stumbleupon.com,FR35 6865 5000 13RL 2WLG EBKP U27,Kikuyu,"Abshire, Prohaska and Wunsch"
372,Magda,Freyn,mfreynab@smh.com.au,TR30 6335 0T8D EGW0 AMED JSJ1 5J,Uzbek,Barrows and Sons
373,Fabian,McCreery,fmccreeryac@arstechnica.com,GE05 YV23 0694 4857 6786 74,Abkhazian,"Douglas, Volkman and Schmeler"
374,Maynord,Whenham,mwhenhamad@flavors.me,ME49 5713 0205 8064 0079 39,Malagasy,Hoeger-Block
375,Vania,Boik,vboikae@trellian.com,MU12 MILP 1815 1853 1384 5340 047M CR,Walloon,Steuber and Sons
376,Cosette,Berzen,cberzenaf@admin.ch,PL77 1784 1618 4926 7346 3073 6022,Bengali,Walter-Cummerata
377,Hiram,Dressell,hdressellag@ezinearticles.com,FO37 8836 4239 1281 79,Yoruba,"Wyman, Abernathy and Koch"
378,Celestia,McDonand,cmcdonandah@bizjournals.com,BA62 6261 7470 4972 6525,Macedonian,Smith and Sons
379,Antonetta,MacCaghan,amaccaghanai@arstechnica.com,LB49 5502 M9EV 251Z L4TF K9UW F4BU,Javanese,Pollich Inc
380,Inger,Bartul,ibartulaj@ebay.com,NL80 UECX 4697 4564 96,Fulah,"Balistreri, O'Conner and Murphy"
381,Hinze,Bustard,hbustardak@hugedomains.com,HU50 4696 6798 6205 6836 1607 9858,Italian,Ritchie-Ankunding
382,Delano,Zanolli,dzanollial@shutterfly.com,MU72 VIUI 8826 1155 1051 0425 027H FA,Oriya,Ankunding LLC
383,Hillel,Bussens,hbussensam@irs.gov,AT68 4368 8014 1865 7957,Portuguese,Farrell Group
384,Drucie,Tytterton,dtyttertonan@123-reg.co.uk,GE33 PT32 6578 2486 4290 02,Malayalam,"Smith, Flatley and Harber"
385,Idaline,Awcock,iawcockao@domainmarket.com,AZ17 EVSY ZQPP HDMW OQ3U GSNX DIOU,Japanese,Schinner-O'Reilly
386,Wes,Coraini,wcorainiap@cocolog-nifty.com,FR58 8229 9107 84UP MAKR 00NF H22,Uighur,"Gusikowski, Lind and Moen"
387,Palmer,Mc Grath,pmcgrathaq@taobao.com,LV53 OEBL EREN 4CFE 0CO7 X,Yoruba,Morar Group
388,Quent,Siviour,qsiviourar@xinhuanet.com,AD44 8916 8364 EXUB QE6T CMEE,Latin,Deckow Group
389,Collen,Dunbabin,cdunbabinas@123-reg.co.uk,GB02 ECSS 2246 4912 9990 41,Gaelic,Kovacek LLC
390,Oates,Stork,ostorkat@instagram.com,FR37 6550 7213 90FI WSIG QHW8 L00,Tamil,Kessler LLC
391,Grata,Gristwood,ggristwoodau@dion.ne.jp,PT89 8129 7668 2270 0554 3285 9,Norwegian,"Friesen, Robel and Hodkiewicz"
392,Rani,Bellfield,rbellfieldav@economist.com,IS72 9859 1918 6311 5930 6062 17,Swahili,Bosco LLC
393,Carlina,Howgego,chowgegoaw@marriott.com,ME07 3296 9329 7259 9285 14,Samoan,Cruickshank and Sons
394,Hussein,Babst,hbabstax@time.com,LI37 2174 8KTY AYZE K11K B,Irish,Casper Inc
395,Shurlocke,Bourton,sbourtonay@xinhuanet.com,MD66 MLPP C8CS IIO8 XEVO UW1U,Kurdish,Konopelski Inc
396,Stormy,Trobe,strobeaz@digg.com,TN32 2221 6395 2286 3562 9175,Church Slavic,Rath-Maggio
397,Birch,Cayford,bcayfordb0@google.de,HR12 5515 2099 9843 9023 8,Fulah,"Dietrich, Bruen and Legros"
398,Aldwin,Olyonov,aolyonovb1@prweb.com,CZ15 2395 1275 6258 0995 7349,Spanish,Haley-Ruecker
399,Kile,Peck,kpeckb2@businessweek.com,LB68 0560 YTQ1 NZG6 DDCY HBQT FGN7,Lao,"Leannon, Kovacek and Dickens"
400,Winifred,Searchwell,wsearchwellb3@printfriendly.com,LB93 6470 D2X2 ENUF UGIS YPDS KW28,Kalaallisut,Kautzer Group
401,Englebert,Dahlbom,edahlbomb4@cnet.com,TR36 4145 6WWH KHWR TUDE YLJZ VZ,Oromo,Emmerich-Oberbrunner
402,Glynis,Guinery,gguineryb5@networkadvertising.org,FR37 6907 6790 61ER CFMM OHDV P07,Bengali,Torphy and Sons
403,Nadya,Mille,nmilleb6@wikispaces.com,FR72 5246 9874 35GT 8YCV JD9U O61,Slovenian,"Kiehn, Wehner and Stanton"
404,Thedrick,Kabisch,tkabischb7@hexun.com,MD62 J5Q2 GJ0J AN1I 18JJ TVRI,Norwegian Nynorsk,Zboncak-Windler
405,Ashlin,Ferre,aferreb8@aboutads.info,MD71 I7J5 7DIM WWQR ENPF F9Y1,Guarani,Hansen Inc
406,Reagan,Bernardot,rbernardotb9@miibeian.gov.cn,AZ49 GSRR OPYX DJ2F VLEJ XEYH WDTK,Romansh,"Gottlieb, Gorczany and Kertzmann"
407,Orson,Michelet,omicheletba@newyorker.com,SK51 1726 1330 5097 3206 1098,Aragonese,Monahan-Larson
408,Linn,Luckings,lluckingsbb@discuz.net,FR12 6628 9336 57V7 W1KG DBK6 Q97,Malay,Gerlach Inc
409,Bob,Robelin,brobelinbc@time.com,SK46 7764 5265 7429 5726 0330,Volapük,Schumm Inc
410,Dania,Dessent,ddessentbd@apache.org,EE64 4235 6337 1459 8541,Zulu,Gislason-Graham
411,Leonid,Pinnere,lpinnerebe@dropbox.com,ES94 9963 3234 8705 5582 3552,Quechua,Strosin-Cremin
412,Melinda,Tondeur,mtondeurbf@cmu.edu,IL72 3132 4314 8732 9837 269,Polish,Dooley-Spencer
413,Hamlen,Tremoulet,htremouletbg@liveinternet.ru,SA98 12QF 6G5W 0NAR R1DG EDGQ,Divehi,Ledner-Swift
414,Corbie,Ullyatt,cullyattbh@yale.edu,CZ10 8020 6245 4692 2479 7418,Norwegian Nynorsk,Hintz LLC
415,Beverly,Boullen,bboullenbi@surveymonkey.com,IE74 MQBZ 0125 6765 0595 43,Kuanyama,Miller-Herman
416,Josepha,Egentan,jegentanbj@tumblr.com,BR76 4564 8926 9717 7768 8736 251V J,Ganda,Weimann-Borer
417,Nikolaos,Suermeiers,nsuermeiersbk@reuters.com,IL96 2861 5710 0466 8504 078,"Greek, Modern (1453-)",Boyle Group
418,Elmo,Hubbucks,ehubbucksbl@multiply.com,MT29 JUJL 7896 4IK7 3EUI OYDR ISNP JYP,Venda,"Wilderman, Reilly and Walker"
419,Andrea,Varnals,avarnalsbm@goodreads.com,KZ54 105Y PE5C SVXM XYV8,Georgian,"Tillman, Von and Emmerich"
420,Maxy,Callow,mcallowbn@moonfruit.com,AD78 1120 2927 FF9C LFZ3 M23Q,Galician,Runte-Jaskolski
421,Rina,Fawkes,rfawkesbo@statcounter.com,FR33 1348 8823 70RG AJRC HOBF 120,English,Considine LLC
422,Tabor,Bentson,tbentsonbp@pbs.org,MR53 8039 3188 3702 5297 0073 978,Volapük,MacGyver Inc
423,Andonis,Zarfati,azarfatibq@joomla.org,GL51 4682 1206 9233 90,Finnish,Simonis-Jenkins
424,Marnie,Lummus,mlummusbr@furl.net,AZ50 LBRU BKSJ O5BP 0R7S JXOZ ISHC,Norwegian,"Larson, Kreiger and Hahn"
425,Vanni,Addicott,vaddicottbs@bing.com,PL86 2204 1894 4304 4779 5692 2048,Tahitian,"Gottlieb, Kirlin and Nikolaus"
426,Maureene,Blewmen,mblewmenbt@webeden.co.uk,BH44 EQPV KPRH VGQD NLG3 ZV,Telugu,Weber-Goodwin
427,Virgilio,Busain,vbusainbu@mapquest.com,FR37 5075 0529 58LZ MD6O 7OYW P50,Afrikaans,"Schoen, Hudson and Olson"
428,Benn,Bruneau,bbruneaubv@diigo.com,AE46 3964 7411 8150 0389 126,Czech,"Hessel, Hauck and Walker"
429,Tate,Palethorpe,tpalethorpebw@va.gov,EE12 8622 7490 9459 3131,Rundi,"Leannon, Boehm and Daugherty"
430,Abby,Harding,ahardingbx@geocities.com,GR10 7793 677D WPUV KUFZ ILLB BVP,Thai,Ziemann-Mann
431,Rasia,Merrell,rmerrellby@abc.net.au,SA82 93YE RCBU OTRH SKPB XSDJ,Tahitian,Hettinger Group
432,Kathlin,Rasmus,krasmusbz@sfgate.com,GE24 CX70 3930 7090 4002 32,Nepali,"Mueller, Simonis and Waelchi"
433,Carla,Redsall,credsallc0@360.cn,NL35 ZRBZ 9711 4182 69,Turkish,Gislason Inc
434,Gusty,Lexa,glexac1@cdc.gov,FR13 9317 1427 027T ZI8B Q61H C85,Corsican,Bosco and Sons
435,Elga,MacCafferky,emaccafferkyc2@google.com.au,VG76 WHWG 1037 7165 8259 8031,Portuguese,"Blick, Larkin and Swaniawski"
436,Andris,Jendrys,ajendrysc3@odnoklassniki.ru,MC86 7111 0258 53J7 BVBS H69U C02,Russian,Rohan-Feeney
437,Marie,Thraves,mthravesc4@sfgate.com,MT74 NUPC 7271 9QE3 KPZS LXQX L7CO KUT,Kuanyama,Hane-Carter
438,Angelina,Labusch,alabuschc5@artisteer.com,FR32 5072 7509 22XL KWX3 B8T5 623,English,"Hills, Monahan and Beier"
439,Sydel,Elliott,selliottc6@sourceforge.net,FR94 3236 5023 35VA 1TSL YYSP R11,Ojibwa,Beatty LLC
440,Laurel,Scarce,lscarcec7@joomla.org,SM16 U812 4454 602F J8O5 HOSD DOW,Luba-Katanga,"Gleason, Quigley and Langosh"
441,Nomi,Larcier,nlarcierc8@people.com.cn,FR15 6726 6316 58QV LKU9 2ADP T72,Sardinian,Prohaska and Sons
442,Rupert,Trott,rtrottc9@mail.ru,CR50 9071 9281 7617 0025 7,Esperanto,Hilpert-Paucek
443,Dani,Stede,dstedeca@loc.gov,IS12 6606 6641 9084 6628 6566 72,Korean,Friesen and Sons
444,Jecho,Ebbitt,jebbittcb@usda.gov,HR17 6726 2080 9554 6051 8,Inupiaq,Thiel and Sons
445,Kerrie,Garretson,kgarretsoncc@constantcontact.com,LI80 1069 0YHD 0OTJ 2CRV P,Aragonese,"Predovic, Gerlach and Romaguera"
446,Fabien,Kelsell,fkelsellcd@craigslist.org,PK72 HZFD WZUJ FOP6 WXQM PUTQ,Haitian,"White, Barrows and Ernser"
447,Justis,Murrigans,jmurrigansce@google.es,BA83 9156 1062 3873 3306,"Bokmål, Norwegian",Haley Group
448,Louie,Major,lmajorcf@google.com.hk,FR52 6418 1598 90RW JROY EAV5 O46,Lao,Fritsch Group
449,Anjela,Lintin,alintincg@samsung.com,GL82 9613 4782 2308 05,Interlingue,Upton LLC
450,Dene,Copp,dcoppch@answers.com,PL42 5118 9368 9766 1731 8739 6609,Slovak,Kulas-Littel
451,Sapphire,Nehlsen,snehlsenci@vk.com,FR48 5453 1801 64OC MWYX ZPRE E47,Bashkir,"O'Keefe, Medhurst and Glover"
452,Elayne,Axelbey,eaxelbeycj@unesco.org,DK77 2669 0228 7504 24,Assamese,"McClure, Raynor and Heaney"
453,Iago,Kermitt,ikermittck@wiley.com,BA92 3658 5314 1414 8919,Kurdish,Koepp-Mann
454,Blanch,Mapplebeck,bmapplebeckcl@free.fr,VG12 PCPK 1543 5107 9638 8329,Igbo,"Leannon, Effertz and Crona"
455,Sterne,Cooke,scookecm@unicef.org,PS12 UWCB REWY SXUA OJPI RCCC F4U6 L,Lao,"Johnston, Murphy and Crist"
456,Dannye,Blumsom,dblumsomcn@issuu.com,BE56 6955 6835 6758,French,Bernier LLC
457,Trula,Jarret,tjarretco@weather.com,DE64 1050 4093 8664 7591 09,Sinhala,O'Kon-Torp
458,Janeva,Phaup,jphaupcp@lulu.com,FR34 6581 4112 31BY NDAR 9VMW Z55,Italian,Bernier Inc
459,Kakalina,Lattie,klattiecq@artisteer.com,BA87 9606 8985 1987 0704,Bislama,Morar Inc
460,Marnie,Erbe,merbecr@php.net,AE68 8562 1438 2586 3905 001,Irish,"Von, Koss and Beier"
461,Amble,O'Riordan,aoriordancs@cmu.edu,RS32 0190 0802 0653 5248 53,Czech,Durgan Inc
462,Verile,Bresman,vbresmanct@princeton.edu,BG49 OKXY 0111 15X9 NBPF E1,Georgian,O'Connell Inc
463,Chilton,Dudden,cduddencu@omniture.com,FO12 7156 2479 9979 97,Kongo,"Predovic, Swift and Miller"
464,Elsa,O'Hear,eohearcv@netlog.com,FR72 1456 6786 19KL 3VZX 0GFJ R83,Northern Sami,Reilly-Bashirian
465,Randell,Rehn,rrehncw@seesaa.net,PT30 1777 2917 6218 1348 0865 9,Swedish,"Conn, Roob and Leannon"
466,Moria,Felgat,mfelgatcx@comsenz.com,AZ62 AQQL GALM G5CB MOUU Z8XG M5NB,Zulu,"Ruecker, Torp and Cummerata"
467,Hamil,Brearton,hbreartoncy@netscape.com,SA04 55FG TBQG G40M IHQJ EWPU,Ukrainian,Champlin-Watsica
468,Devora,Palleske,dpalleskecz@omniture.com,TN22 8406 4538 7438 5944 8455,Interlingua (International Auxiliary Language Association),Schmitt Inc
469,Wilden,Bischop,wbischopd0@freewebs.com,LI44 6697 1U62 4FOF MTOZ 7,Tajik,Stoltenberg LLC
470,Jefferey,Donett,jdonettd1@desdev.cn,FR49 4818 1478 03KN XSQW 1HQJ F92,Turkmen,Mueller Group
471,Kare,Dewis,kdewisd2@fda.gov,CH48 9501 168T 3PEP ZKQJ 0,Indonesian,Nitzsche LLC
472,Penelope,Kleinplac,pkleinplacd3@ft.com,BR46 6831 4824 2621 2339 9822 898K B,German,Yost-Vandervort
473,Gayleen,Sybbe,gsybbed4@yellowpages.com,LT84 9190 4562 2926 1288,Swati,Towne Group
474,Mac,Derges,mdergesd5@about.com,FR77 6941 1674 21NZ EM0U SILP Y86,Ndonga,O'Connell Inc
475,Garland,Stigger,gstiggerd6@youtu.be,BR69 2945 2065 5972 3170 9087 802N 9,Hindi,Halvorson-Zieme
476,Dean,McBrady,dmcbradyd7@kickstarter.com,ME92 7567 0115 5231 1034 88,Tigrinya,Barton-Considine
477,Briggs,Junkin,bjunkind8@issuu.com,LU60 302H OHXR GB7R WE7N,Norwegian Nynorsk,"Gusikowski, Barrows and O'Keefe"
478,Ashia,McVeighty,amcveightyd9@samsung.com,SI76 4118 7684 4385 038,Maori,Leuschke Inc
479,Morey,Loosemore,mloosemoreda@virginia.edu,GT82 SGCA B5UV J7YT GOAS ERFY IRXL,Albanian,Will-Littel
480,Courtnay,Rosenkranc,crosenkrancdb@github.com,FO84 1053 0313 3894 68,Danish,Koelpin-Friesen
481,Jorge,Raggatt,jraggattdc@usatoday.com,HU23 8520 8480 0709 3964 7516 2686,Xhosa,"Farrell, King and Howe"
482,Alwyn,Gerrill,agerrilldd@1688.com,KZ42 8936 WWSL J94Q YWYC,Rundi,"Harvey, Howe and Keeling"
483,Norean,Tolcher,ntolcherde@youku.com,IT62 J005 3130 414Z HDLA WRB4 5QM,Breton,Walsh-Ryan
484,Donal,Strahan,dstrahandf@e-recht24.de,KZ09 349N DY11 2PLN VMHZ,Church Slavic,Emard and Sons
485,Candide,Pibsworth,cpibsworthdg@marketwatch.com,SE48 2890 5910 3867 1624 0125,Pali,"Jerde, Kuhic and Keebler"
486,Lianne,de Marco,ldemarcodh@telegraph.co.uk,NO80 5222 1193 013,"Bokmål, Norwegian",Cole LLC
487,Loraine,Willoughley,lwilloughleydi@instagram.com,FR69 7365 1130 70G2 5ZY1 9JSA 716,Slovenian,"Murray, Bashirian and Ernser"
488,Lissa,Sellens,lsellensdj@mit.edu,GR22 8450 086X 8XAV Y131 AMWV 2MD,Bashkir,Hilll-Little
489,Charity,Bosnell,cbosnelldk@about.com,FR54 0669 4657 53DV ZG7A FZAG I60,Aymara,Balistreri-Senger
490,Josey,Amies,jamiesdl@reference.com,SM96 E119 4240 724D WAZ8 IAVJ Z9H,Tatar,Lehner-Rempel
491,Odie,Writtle,owrittledm@redcross.org,FI98 6993 9913 2603 57,Dutch,"Runolfsdottir, Bailey and Okuneva"
492,Pernell,Gillespey,pgillespeydn@theguardian.com,PK19 UZGP EKUW A9XX HYZZ TOIR,Kazakh,Volkman LLC
493,Dav,Pentercost,dpentercostdo@army.mil,LV81 PMJA SPEM E7LF HAXE K,Cree,Spinka LLC
494,Felice,Walliker,fwallikerdp@imdb.com,AL08 4881 1782 FDEY Z6UW ECQB 01A8,Luxembourgish,Davis-Pouros
495,Maribel,Jacke,mjackedq@cornell.edu,PL45 8613 2253 4942 6813 2500 8225,Herero,Nikolaus-Kuhn
496,Sam,Bissell,sbisselldr@google.com,NL78 IZSA 0835 2330 98,Aymara,Morar Group
497,Graham,Hannan,ghannands@1und1.de,NO35 9775 0449 901,Kashmiri,Miller-Daugherty
498,Theodor,Wallbrook,twallbrookdt@xing.com,ME12 7547 7794 1967 0023 39,Basque,Boehm-Hoppe
499,Cathrin,Hardern,charderndu@hao123.com,GL87 7897 0106 0885 53,Akan,Klocko-Hudson
500,Netti,Hallard,nhallarddv@cbslocal.com,EE61 2645 8311 3038 8468,Swedish,"Hirthe, Reichel and Moore"
501,Ansel,Pfiffer,apfifferdw@mozilla.org,LT91 8769 2822 4959 3526,Sinhala,Feest-Fisher
502,Gae,Graffin,ggraffindx@twitpic.com,EE41 7347 7484 7098 0988,Venda,Huels-Gibson
503,Aile,Earl,aearldy@ycombinator.com,HR43 5483 9266 2198 1694 0,Igbo,Bauch-Keeling
504,Whitaker,O'Leagham,woleaghamdz@elegantthemes.com,MK49 582Y LLOA 318F M56,Kuanyama,Marvin and Sons
505,Casey,Wilkennson,cwilkennsone0@merriam-webster.com,FR20 0358 0857 92F4 O0LU UX10 706,Turkish,Wunsch-Kessler
506,Margaux,Abramamovh,mabramamovhe1@rediff.com,FR66 1902 5091 95EP XTAT 3DYX S98,"Greek, Modern (1453-)",Bins-Romaguera
507,Claudio,Hertwell,chertwelle2@ucoz.ru,TN76 0108 1548 6206 0288 4445,Kanuri,King Group
508,Korella,Cocklin,kcockline3@lulu.com,AT06 1657 2946 4926 2327,Chuvash,"Pagac, Zemlak and Kihn"
509,Aland,O'Fihily,aofihilye4@jigsy.com,BG35 STAZ 4502 13LE MNSE AC,Yiddish,Ortiz Inc
510,Cherey,Meert,cmeerte5@si.edu,BA15 0687 8313 2388 5819,Sardinian,Kulas-Hackett
511,Rora,Poupard,rpouparde6@jugem.jp,NL51 AQQH 0202 3555 83,Norwegian,Crist-Leffler
512,York,Yeldon,yyeldone7@time.com,FR85 4688 5069 14KH 2RO1 J1QQ X47,Hebrew,"Collier, McDermott and Tromp"
513,Livvy,Kenwell,lkenwelle8@alexa.com,SA66 17YM X7SV AUFJ OYJJ V8KD,Lingala,Bradtke and Sons
514,Reinwald,Dmitrichenko,rdmitrichenkoe9@fda.gov,PT41 6726 2201 8726 0144 7800 6,Croatian,Abbott-Legros
515,Philly,Barniss,pbarnissea@last.fm,PK05 RGCT 7VAR SOKL CBKO ZUJV,Pali,Glover and Sons
516,Annissa,Jervoise,ajervoiseeb@archive.org,EE83 0609 8680 0629 9611,Georgian,Waelchi-Purdy
517,Tabbie,Noweak,tnoweakec@eepurl.com,FR67 7342 1856 94TR IKYG JGCZ S77,Breton,Turcotte Inc
518,Micki,Branni,mbrannied@tripod.com,PL12 5978 7428 1284 4268 8078 5185,Danish,Boehm-Yundt
519,Timotheus,Barradell,tbarradellee@nifty.com,FR47 6115 1248 62CM 4QV4 Q93Y P68,Romansh,Keebler Group
520,Royal,Cotilard,rcotilardef@opera.com,FO77 9857 0065 9812 60,Tonga (Tonga Islands),Cole-Lehner
521,Karrah,Pentland,kpentlandeg@umich.edu,FI43 4457 0424 3588 65,Kurdish,Oberbrunner-Turner
522,Gauthier,Harnott,gharnotteh@nature.com,SK09 1258 4162 7906 5867 2221,Tamil,Wintheiser and Sons
523,Helaina,Dicey,hdiceyei@nhs.uk,DO24 LZTN 7540 0779 2778 9444 8357,Swati,Corkery-Ryan
524,Elonore,Mixter,emixterej@behance.net,PK96 KDZZ 2HB0 BKRZ ILSG HMCI,Zulu,"Swaniawski, Russel and Braun"
525,Bernette,Smalls,bsmallsek@sourceforge.net,SM26 Z237 0964 158A JOJB MDHY AON,Occitan (post 1500),"Green, Moen and Fadel"
526,Dalt,Grocutt,dgrocuttel@theguardian.com,BH72 MIXB OGU5 OKHV AJPG EF,Danish,Hills-Sauer
527,Abeu,Temprell,atemprellem@themeforest.net,GE40 LX57 6122 0209 5439 77,Northern Sami,Osinski-Schuppe
528,Rodger,Lyons,rlyonsen@goo.gl,LV96 LNDO DZFJ F0DW FXWN J,Irish,Hermiston Inc
529,Simone,Overshott,sovershotteo@mayoclinic.com,CR36 9597 7951 6168 9511 1,"Greek, Modern (1453-)",Shields-Cole
530,Aleen,Tweedy,atweedyep@unc.edu,LB41 4200 QNRO FW6L CBQY OMBZ AWEH,Tahitian,Schamberger LLC
531,Andeee,Denisyev,adenisyeveq@barnesandnoble.com,SM86 W299 2503 557Z FLBG TGZ9 KEV,Tagalog,Schultz-Prosacco
532,Johannah,Macconaghy,jmacconaghyer@privacy.gov.au,RO70 TVMJ MQ7P ZK2V BSVY KCJZ,Navajo,"Bartell, Ernser and Bernhard"
533,Eileen,Habbon,ehabbones@aol.com,LI06 8372 8RFF W1SK QPJW B,Akan,Lehner-Cremin
534,Bailie,Smitheman,bsmithemanet@yellowpages.com,AZ85 GOZY BQVA INGQ XMOY FEVU LPPS,Chechen,DuBuque-West
535,Valli,Collister,vcollistereu@statcounter.com,NO07 4699 6460 726,Kinyarwanda,Morissette and Sons
536,Michelina,Drinkhall,mdrinkhallev@people.com.cn,PT08 4376 9192 7589 9573 2743 4,Kirghiz,Kertzmann Inc
537,Ezechiel,Biasio,ebiasioew@icq.com,FR52 8151 0303 98Q9 GZAG E7RJ N27,Estonian,Rath-Rutherford
538,Verla,Tatersale,vtatersaleex@jigsy.com,IT56 R605 5673 797L X9YO Q9LU UFG,Turkmen,Leannon-Rodriguez
539,Jarid,Swidenbank,jswidenbankey@techcrunch.com,FR33 5236 1369 17OM PZKV 732M I00,Ewe,Gislason Group
540,Nedi,Helliwell,nhelliwellez@buzzfeed.com,FR85 4952 6856 04LW 6RXA UTYK J87,Ido,Willms LLC
541,Rodd,Rickeard,rrickeardf0@amazon.co.jp,CZ30 1582 2442 9834 3277 6907,Luxembourgish,"Bashirian, Walker and Brakus"
542,Manolo,Cortese,mcortesef1@aboutads.info,LI20 7559 6P5F 0CZL K4L9 N,Ojibwa,Hodkiewicz Inc
543,Langsdon,Dessaur,ldessaurf2@mtv.com,LU17 398K N1BW YVSN R1OF,Finnish,Streich Group
544,Husein,Aspell,haspellf3@google.ca,DE40 8937 9511 8991 5999 43,"Greek, Modern (1453-)",Price and Sons
545,Danica,Scullin,dscullinf4@amazon.com,LU21 938G 3SS9 HCUX JUGH,Latvian,Terry-Marks
546,Thorpe,Hawe,thawef5@so-net.ne.jp,FR24 8981 0729 91R2 TOTU ONL4 I82,Afrikaans,"Fay, Cormier and Swift"
547,Ingunna,Larkcum,ilarkcumf6@cbslocal.com,IT42 U062 1994 503W WOOR IW8K KXD,Kazakh,Fadel LLC
548,Giorgio,Loges,glogesf7@aol.com,GL79 4143 7507 4833 20,Tonga (Tonga Islands),Klein-Berge
549,Letisha,Balazin,lbalazinf8@qq.com,BE82 0411 2052 5840,Malayalam,"King, Konopelski and Hagenes"
550,Winnah,Fawltey,wfawlteyf9@java.com,BG98 INOQ 8019 76DQ Z6XK BA,Sinhala,Bogisich Inc
551,My,Pullar,mpullarfa@economist.com,FO59 7153 3228 3074 84,Japanese,Vandervort-Kutch
552,Laurianne,Gerrie,lgerriefb@csmonitor.com,SI21 8288 1895 3222 296,Sanskrit,"Ortiz, Sauer and Rau"
553,Bryanty,Attew,battewfc@pbs.org,GL76 1912 2851 7333 43,"Greek, Modern (1453-)",Ritchie-Jakubowski
554,Horatia,Preston,hprestonfd@hao123.com,PL28 9855 1555 2580 9087 2963 9802,Hebrew,"Adams, Gerhold and Zulauf"
555,Aldrich,Abrahami,aabrahamife@e-recht24.de,MT45 DXSQ 4660 2EB6 EQ27 U7TA WPDG AFY,Avestan,Gibson-Littel
556,Delora,Keirle,dkeirleff@delicious.com,IL05 1117 6414 1586 4149 471,Sango,Will-Jast
557,Philippe,Barron,pbarronfg@msn.com,SI26 0930 3128 1669 936,English,Hammes-Bradtke
558,Shellie,Faustian,sfaustianfh@usatoday.com,SA59 61WH 5KCZ AM5K R12B 0KMX,Tahitian,"Torp, Ebert and Trantow"
559,Daisi,Maasz,dmaaszfi@reuters.com,GL62 4947 6115 2778 23,Gujarati,"Flatley, Nikolaus and Morissette"
560,Karlotte,Mineghelli,kmineghellifj@com.com,GE68 DO90 8168 6566 0784 59,Tagalog,Crona and Sons
561,Faye,Willgress,fwillgressfk@ning.com,GR54 6039 436Y GR11 W2IG K3IE JHB,Japanese,Schowalter-Kuphal
562,Germain,Evanson,gevansonfl@usgs.gov,FR09 3964 4948 50LZ QXVW AGLL T59,Igbo,"Moore, Reinger and Braun"
563,Dacy,Biddleston,dbiddlestonfm@cdc.gov,BG26 IDGJ 6979 51GW 33GU ON,Sardinian,Fisher and Sons
564,Maynord,Desesquelle,mdesesquellefn@sourceforge.net,AL19 4642 7623 4P3J KKAO YPAS TMA2,Western Frisian,"O'Hara, Cole and Dare"
565,Webb,Heaysman,wheaysmanfo@blog.com,DO06 Q0YS 1766 4397 4116 9228 7428,Shona,Renner Inc
566,Fax,West,fwestfp@digg.com,FR46 5107 9534 84YF NGJW IQWU B36,Assamese,Simonis-Schmitt
567,Laureen,Maughan,lmaughanfq@addthis.com,LU97 278N CP41 OBHM SBHR,Ukrainian,Prosacco LLC
568,Viviana,Shellibeer,vshellibeerfr@theguardian.com,AL10 7335 0877 KJU8 V6F7 KFTX BDYE,Azerbaijani,"Zboncak, Jacobson and Wintheiser"
569,Gaspar,Boddymead,gboddymeadfs@bloglines.com,SM41 F919 0372 712V YNO8 P6QD YJX,Faroese,"Powlowski, Wuckert and Cronin"
570,Giraldo,Reinard,greinardft@mozilla.com,ME39 5903 7127 6645 6652 44,Ossetian,Dare-Senger
571,Florentia,Oneile,foneilefu@hubpages.com,MR39 3694 7478 4970 9975 9745 682,Slovenian,Haag-Runte
572,Silvan,Damant,sdamantfv@ezinearticles.com,KZ67 048W VP7X B6A0 FTR2,Croatian,Leffler Group
573,Balduin,Mehmet,bmehmetfw@marketwatch.com,ME97 1603 5206 7960 6191 78,Burmese,Mills Inc
574,Edsel,Coutts,ecouttsfx@dmoz.org,GR80 2608 754T 33TG PKPV 7KP2 5UM,Marshallese,"Wunsch, Cruickshank and McClure"
575,Lenora,Platfoot,lplatfootfy@ocn.ne.jp,CY17 3022 7357 HF3E PPZ1 VRCU D0JH,Igbo,Price-Leffler
576,Philomena,Compfort,pcompfortfz@ucla.edu,FR81 1689 8506 367S DGNM UWFE K81,Yiddish,Monahan LLC
577,Ann-marie,Rotte,arotteg0@taobao.com,AE68 1429 7395 5020 1899 430,Luba-Katanga,Farrell-Willms
578,Kizzie,Stinson,kstinsong1@bloomberg.com,KW85 AOCE IM6K XBD4 P6WE NII5 Z9Q4 WZ,Hindi,Keeling-Larkin
579,Amaleta,Alelsandrowicz,aalelsandrowiczg2@google.ca,TN49 3632 0081 2356 5557 9859,Chamorro,"Marquardt, Rosenbaum and Prohaska"
580,Karlie,Lynde,klyndeg3@issuu.com,GE42 FF03 6503 2099 6855 58,Kannada,Padberg Inc
581,Dita,Leith,dleithg4@imdb.com,PS97 PCRB XXVL VSNO IQCW CYJX QLQ0 A,Spanish,"Harber, Stark and Armstrong"
582,Pacorro,Ilive,piliveg5@soundcloud.com,FR81 3208 2062 8485 EDWX WKSM J46,German,Pacocha LLC
583,Marleah,McKinlay,mmckinlayg6@furl.net,CZ67 8630 8118 1409 5443 0000,Swedish,Fay LLC
584,Cindi,Torbet,ctorbetg7@columbia.edu,BH31 DBKM R5OF KMU6 XIQJ C1,Malagasy,"Corwin, Hudson and Nicolas"
585,Bernardo,Robbel,brobbelg8@ning.com,FR16 7844 3237 50UQ LBDN P7FM M19,Manx,Gulgowski-Miller
586,Elisa,Kyllford,ekyllfordg9@columbia.edu,AD81 7340 1188 FLSI FXFU KOS9,Afar,Harvey Inc
587,Petronia,Archibald,parchibaldga@g.co,TN26 6165 7558 6351 2243 4870,Oromo,Schinner-Fadel
588,Cristian,Aslen,caslengb@msn.com,GL96 0232 1805 6493 51,Interlingue,Deckow-Mayer
589,Trent,Jori,tjorigc@github.com,IE82 SOBG 8263 8549 1669 89,Interlingue,Corkery Inc
590,Rollo,Lauret,rlauretgd@cisco.com,KZ26 909W ZARF PUV1 LBMT,Oriya,Morissette-Ullrich
591,Erna,Keyte,ekeytege@1und1.de,DE27 7950 2945 9430 0643 43,Azerbaijani,Trantow and Sons
592,Nonah,Necrews,nnecrewsgf@opensource.org,SE77 3364 9578 8661 3993 2927,Hausa,Ebert Group
593,Brod,Karlsson,bkarlssongg@over-blog.com,DK54 6719 8562 8294 42,Sichuan Yi,Reilly-Labadie
594,Trudi,Adhams,tadhamsgh@posterous.com,DE09 4071 7220 5853 1528 96,Amharic,Hodkiewicz-Kovacek
595,Ebonee,Kingcote,ekingcotegi@telegraph.co.uk,LV83 WSPR OR8T QBTS NM7V V,Lingala,Wisozk-Ankunding
596,Roger,Cottrill,rcottrillgj@redcross.org,HU84 9981 9449 5147 2580 6480 5209,Hindi,Botsford-Satterfield
597,Gretna,Glyne,gglynegk@techcrunch.com,MU33 SOEQ 0021 0204 9669 7931 766Y KS,Serbian,Deckow-Beahan
598,Thurston,Houchin,thouchingl@bloglovin.com,FR10 7870 3822 08WY XUSW SANZ O23,Haitian,Schuster and Sons
599,Theodoric,Wray,twraygm@themeforest.net,GR74 9315 625A BHPA WVBT JFVA 2GO,Malagasy,Gutmann-Nader
600,Granthem,Yesichev,gyesichevgn@epa.gov,BG30 ERTX 2673 64GJ VV25 BH,Kongo,VonRueden Inc
601,Wren,Philipsohn,wphilipsohngo@github.com,CZ13 3244 1941 5248 1771 1899,Tigrinya,Halvorson-Boyer
602,Gracia,Staterfield,gstaterfieldgp@meetup.com,BG35 ZESP 2767 81U5 JGKS PW,Armenian,Streich-Dickinson
603,Lind,Martignoni,lmartignonigq@yale.edu,FR75 1158 4428 56QI J8J8 WVFK S82,Norwegian,Kertzmann and Sons
604,Germain,Maskew,gmaskewgr@e-recht24.de,FR73 2521 4396 27JU MPNO 2VKI F01,Albanian,"Boehm, Williamson and Kilback"
605,Natty,Carvill,ncarvillgs@noaa.gov,SA53 47LH LZHE C4JY ZHQA MFSW,Tagalog,Hudson-Hilpert
606,Rubie,Attwell,rattwellgt@indiegogo.com,NL11 PEVY 7930 0934 05,Volapük,"Schaefer, Hagenes and Barrows"
607,Trixie,Senecaut,tsenecautgu@walmart.com,DO97 04IL 5511 8476 1795 0608 0648,Romanian,Boyle-Daniel
608,Elga,Minero,eminerogv@digg.com,MK29 688N NBWS NRCK F41,Bambara,Sawayn Group
609,Jeromy,Ahmed,jahmedgw@oakley.com,LB38 1607 Z5S3 CXKK MDYS PWGT YGCY,Danish,Witting Inc
610,Blithe,Georg,bgeorggx@zdnet.com,AZ86 OJTZ VMOL NVNC 5IZV 9YKS KG9S,Gaelic,"Willms, Gislason and Bode"
611,Libbie,Douch,ldouchgy@smh.com.au,FR42 4291 6206 9638 H4XZ TGUF A46,Bosnian,"Langosh, Stark and Beahan"
612,Blondell,Hugenin,bhugeningz@gmpg.org,VG63 XPNI 9867 2380 7175 6369,Marshallese,Blick and Sons
613,Abran,Petherick,apetherickh0@feedburner.com,BH23 STYL 23CF ECBP NKQV II,Galician,Thompson Inc
614,Lindsey,Webb-Bowen,lwebbbowenh1@xing.com,GT13 P6YI EPKX OV2W LLJQ LW2R 5ISD,Chamorro,Ledner-Jacobson
615,Chester,Milburn,cmilburnh2@vistaprint.com,SM05 J215 3315 643O PBML GLWA OHE,Interlingue,Bechtelar-Cronin
616,Anthea,McKevin,amckevinh3@cyberchimps.com,BA44 5324 4587 2322 5328,Telugu,"Leffler, Gerhold and Rosenbaum"
617,Olin,Aizikovich,oaizikovichh4@dagondesign.com,GL70 9410 9847 5388 70,Yiddish,Hand-Nikolaus
618,Kathy,Hammill,khammillh5@unesco.org,AD91 5643 6937 FDLV KPO0 TTLI,Samoan,"Volkman, Macejkovic and Carter"
619,Merell,Gogay,mgogayh6@reuters.com,DK45 0189 4439 1467 53,Lao,Koss Inc
620,Lauralee,Gumery,lgumeryh7@aboutads.info,PL74 5702 8374 8851 6495 7288 8742,Avaric,Wilkinson-Pagac
621,Hollie,Birkby,hbirkbyh8@angelfire.com,GI27 XWRH NO6V HCXX LYWH FDF,Marathi,"Crooks, Smith and Heidenreich"
622,Kim,Pennetta,kpennettah9@ow.ly,GT53 RLDZ WOGJ 54GL NXTM OTDR DJIG,Somali,Schulist LLC
623,Cassandry,Stovold,cstovoldha@yahoo.co.jp,HU57 0391 4475 0155 6134 4236 2310,Tamil,Thiel Inc
624,Katharina,Sopper,ksopperhb@soundcloud.com,BG09 ACJF 4837 1602 I0TT 3J,Ganda,Rutherford-Adams
625,Rey,Cahan,rcahanhc@nyu.edu,FR54 3406 8627 94TS YEXB AGR1 084,Swedish,"Bashirian, Connelly and Pfannerstill"
626,Dre,Haucke,dhauckehd@arizona.edu,FR02 1272 7124 15CU UJIO LQFM A35,Telugu,Waters-Waelchi
627,Jarib,Callington,jcallingtonhe@unicef.org,CH87 2313 3XGF YW7W BOWR K,Assamese,"Feil, Jerde and Ward"
628,Reinald,MacAndreis,rmacandreishf@last.fm,CH70 9001 3MS8 MUEB HXCL N,Latin,Crona and Sons
629,Friedrick,Jaffrey,fjaffreyhg@china.com.cn,AZ61 WDWM RPKS DI8Y UMBI SPJZ DG9Q,Occitan (post 1500),Wisozk Inc
630,Sharlene,Lideard,slideardhh@privacy.gov.au,LI22 6939 4KVZ FHNJ CUPN 6,Arabic,Boyle and Sons
631,Giana,Sowray,gsowrayhi@answers.com,LU51 1298 5VL1 EVHR SEV2,Central Khmer,"Daugherty, Purdy and Hagenes"
632,Bertrand,Wannes,bwanneshj@webs.com,CY72 2664 9903 5NVX DUSG OBXV 3TDX,Norwegian Nynorsk,"Maggio, Hessel and Hermiston"
633,Garv,Penrith,gpenrithhk@bizjournals.com,FR44 4733 2961 363P E44B ODAT Y12,Kashmiri,Stoltenberg Group
634,Anabelle,Heasley,aheasleyhl@taobao.com,AT96 1617 3876 8294 4832,Fijian,Morissette LLC
635,Rosemary,Brasher,rbrasherhm@amazon.com,NO39 7429 1575 815,Inupiaq,"Langosh, Runolfsdottir and Schroeder"
636,Brendin,Dionisio,bdionisiohn@rediff.com,AE83 0573 9116 7402 5463 919,Kinyarwanda,Doyle and Sons
637,Kylila,Vasilik,kvasilikho@patch.com,FO95 4856 8795 7870 60,Thai,West-Miller
638,Tiebold,Kinvan,tkinvanhp@prnewswire.com,IE41 FGTL 4095 1442 7284 46,Russian,Bayer-Ziemann
639,Rayner,McCann,rmccannhq@yale.edu,LT68 0857 4732 5762 2669,Swati,Sanford-Howell
640,Imogene,Duffyn,iduffynhr@nature.com,AE85 8484 7566 4806 8144 558,Vietnamese,Bruen Group
641,Tim,Dudbridge,tdudbridgehs@blogspot.com,MU50 YJII 1362 5811 0629 6033 884T YY,Kongo,Botsford-Barton
642,Marylin,O'Scanlon,moscanlonht@fastcompany.com,IL98 7112 4778 6207 1733 522,Inuktitut,Kirlin Inc
643,Rodolphe,Bolingbroke,rbolingbrokehu@usa.gov,FR55 0932 8504 58J7 G4HP C7GI Y33,Yoruba,"Zieme, Weissnat and Williamson"
644,Miof mela,Rushmare,mrushmarehv@who.int,SK44 0561 2669 7965 9675 3968,Volapük,Pagac Inc
645,Gayla,Bampkin,gbampkinhw@sun.com,NL27 PNBO 1641 8373 00,Turkish,Runolfsdottir Group
646,Lynnelle,Cerman,lcermanhx@ted.com,LT02 1594 9684 6567 0485,Macedonian,Mosciski-Ziemann
647,Bail,Schurig,bschurighy@ebay.co.uk,DK55 2181 3264 5931 41,Manx,"Beier, O'Hara and Bashirian"
648,Muffin,Sempill,msempillhz@ehow.com,DK78 7772 2743 6133 59,Lao,Quitzon-Runolfsdottir
649,Johnathon,Dommerque,jdommerquei0@businessinsider.com,KZ55 496Q 3U2H FR4H PRUT,Maltese,Ledner Group
650,Yves,Foat,yfoati1@yandex.ru,HR78 9076 1889 4517 2896 7,"Ndebele, South",Predovic Group
651,Allegra,Nanninini,anannininii2@usda.gov,SK29 9629 5977 9706 5416 0954,Tahitian,"Kessler, Hane and Maggio"
652,Hank,Dennis,hdennisi3@craigslist.org,PL53 1950 4356 7941 7833 7342 5108,Pushto,"Tremblay, Lang and Stehr"
653,Meredith,Francie,mfranciei4@chronoengine.com,CH53 7427 6LPG XFXV WL8S 4,Abkhazian,Monahan and Sons
654,Fred,McPake,fmcpakei5@simplemachines.org,IT52 X275 2655 087P NDYP I3ES AXU,Kanuri,Barton-Gerhold
655,Nathan,Pyford,npyfordi6@vkontakte.ru,SM59 B469 1430 984C 0M5K O5G3 24B,Finnish,Wintheiser-Haley
656,Nick,Boas,nboasi7@hao123.com,AE13 2064 5076 8360 8634 261,Xhosa,Ward-Turcotte
657,Caspar,Gandar,cgandari8@google.co.jp,IS85 8258 4333 9063 0089 5562 30,Shona,"Mraz, Reichel and Luettgen"
658,Olvan,Tander,otanderi9@nationalgeographic.com,NO51 8009 5914 755,Oromo,Lakin-MacGyver
659,Noby,McVeagh,nmcveaghia@washington.edu,IT10 A193 2612 255W 7B6C JKBS 3TW,Hebrew,Schaden LLC
660,Diane-marie,Gee,dgeeib@xinhuanet.com,BH95 TTOU FL1M U7Q0 NASO LH,Yiddish,"Weimann, Bernier and Collins"
661,Cornelius,Saw,csawic@psu.edu,FR71 7716 7178 15JT WHZI GQX5 C83,Galician,Schuppe-Marvin
662,Mark,Husk,mhuskid@histats.com,FR88 0981 7238 18MH 2DLA QRMO K03,Telugu,Wiegand-Hodkiewicz
663,Alair,Hirtz,ahirtzie@boston.com,ME05 2550 0909 4550 3249 25,Ganda,Reynolds Group
664,Fianna,Larkkem,flarkkemif@ning.com,FR30 3616 9007 37BN IHS7 KVSJ 564,Bislama,Upton-McDermott
665,Shanan,Tufts,stuftsig@cmu.edu,BR22 0940 8053 9468 8586 1922 685X O,Urdu,Walker LLC
666,Annetta,Plewright,aplewrightih@va.gov,KZ61 152K KBA0 2N4V EEC1,Wolof,Prohaska-Kassulke
667,Olympie,Corstorphine,ocorstorphineii@webmd.com,KZ19 211F 1TCN WDND WG3I,Fulah,"Johns, Boehm and Mann"
668,Frieda,Itschakov,fitschakovij@plala.or.jp,MK11 717T J2G6 KBLE 906,Albanian,Zboncak and Sons
669,Flore,Lendon,flendonik@parallels.com,EE40 1442 9106 2074 6972,Yiddish,Kuhic-Gerlach
670,Erny,Grievson,egrievsonil@imageshack.us,HU25 7363 6107 9964 2883 4705 9671,Estonian,"Jast, Kub and Quigley"
671,Nannie,Philbin,nphilbinim@newyorker.com,FR95 0567 5677 57CR P8YH 0VTF 621,Kirghiz,Fahey Group
672,Rolfe,Baynam,rbaynamin@adobe.com,ME42 7266 3302 4389 1105 87,Kanuri,Hegmann-Morar
673,Ediva,Imlacke,eimlackeio@zimbio.com,SE22 4038 5543 2081 1293 9179,Kanuri,"Kessler, Price and Kunde"
674,Bartholomeus,Twort,btwortip@technorati.com,FR32 0761 7484 10RD Y2IE 00EV O61,Yoruba,Jerde LLC
675,Jillana,Croyden,jcroydeniq@eepurl.com,DE91 4057 1273 7248 0856 06,Sundanese,Bauch-Senger
676,Amalle,Klainer,aklainerir@histats.com,ME53 3026 2294 9604 6083 19,Esperanto,Swaniawski Inc
677,Conchita,Favey,cfaveyis@elegantthemes.com,FR91 3304 6274 132M VT3C XCNT I40,Hiri Motu,Murphy Inc
678,Cyril,Philippault,cphilippaultit@cafepress.com,GE74 VS15 4962 2268 4442 14,Chechen,Blanda Inc
679,Haily,Titterrell,htitterrelliu@washingtonpost.com,GI82 MDDW WCNX 7CY2 V4YN QSF,Japanese,Schneider-Stracke
680,Imogen,Petegree,ipetegreeiv@craigslist.org,AT29 3764 6204 3978 3104,Estonian,Rosenbaum-Runolfsson
681,Sidoney,Oxbury,soxburyiw@oakley.com,GE21 XT95 8808 9816 7609 03,Kashmiri,Gutkowski-Beer
682,Jdavie,Lademann,jlademannix@nytimes.com,GI12 RQGN V6JC TJFA QUVT W6B,Bashkir,"Luettgen, Hartmann and Haley"
683,Godart,Deaton,gdeatoniy@engadget.com,TN30 3437 9562 7364 7268 9312,Bengali,Okuneva-Kuhn
684,Brigitte,Bulfoy,bbulfoyiz@usatoday.com,TR72 1806 6KBW AD2S GNXI ETOF ON,Fijian,"Schaefer, Terry and Leannon"
685,Ichabod,Cardwell,icardwellj0@4shared.com,TN60 3189 5154 2759 8787 2094,Norwegian Nynorsk,Yundt Inc
686,Julio,Eitter,jeitterj1@statcounter.com,MR21 6888 2100 3307 6411 3332 105,Walloon,Senger-Zemlak
687,Felecia,Josh,fjoshj2@cocolog-nifty.com,CZ93 1337 2925 1113 3054 5463,Galician,Koepp-Brekke
688,Corby,Grimbaldeston,cgrimbaldestonj3@acquirethisname.com,SI87 7698 3107 2641 029,Japanese,Greenholt Group
689,Jodee,Boniface,jbonifacej4@xing.com,DE56 0779 8825 5143 1149 55,Sanskrit,"Rowe, Rippin and Altenwerth"
690,Anstice,Minker,aminkerj5@ezinearticles.com,FO57 6006 0706 6669 45,Slovenian,Hauck and Sons
691,Brittan,Baskwell,bbaskwellj6@indiegogo.com,BE17 4336 0442 9416,Yiddish,"Bednar, Waters and Predovic"
692,Ev,Smallwood,esmallwoodj7@apple.com,GE76 LM50 2081 1564 3319 68,Malay,Lueilwitz Inc
693,Ekaterina,Sarsons,esarsonsj8@ezinearticles.com,AE27 2313 7149 9006 3431 558,Bosnian,Rowe and Sons
694,Catharina,Yoodall,cyoodallj9@altervista.org,GT72 G81N P2LM DOE2 INII BSRO NTNU,Bosnian,Walsh-Kozey
695,Rania,Chiverton,rchivertonja@usatoday.com,DO86 S5YA 4229 9289 2088 9687 3677,Yoruba,"VonRueden, Funk and Corwin"
696,Jerrilyn,Danjoie,jdanjoiejb@prnewswire.com,FR10 0374 7590 182X AHUY AAUU J08,Twi,Strosin-Lueilwitz
697,Fernanda,Caplis,fcaplisjc@merriam-webster.com,PS02 IOQT BGXN X2KX IFXI DHQL L9CL A,Latin,"Wisozk, Witting and Hills"
698,Nicki,MacKeever,nmackeeverjd@hatena.ne.jp,PS70 RSRH 1WVD S5UI DIA2 XRZS YTYJ P,Somali,Kuphal-Labadie
699,Perceval,Manneville,pmannevilleje@google.it,PL27 3109 1669 0819 2872 0154 9454,"Sotho, Southern",Schoen-McGlynn
700,Vivi,Chalcraft,vchalcraftjf@trellian.com,BG60 KXHC 5392 22FU YUIP YI,Basque,Larkin-Deckow
701,Ricki,Londors,rlondorsjg@cbsnews.com,PK87 BIGJ 94WK EG0M 3ZNZ RQQM,Tagalog,Breitenberg Group
702,Golda,Vedenisov,gvedenisovjh@zdnet.com,MR43 5550 8672 1438 2463 0594 587,Esperanto,Pacocha-Thiel
703,Sig,Dimond,sdimondji@msu.edu,FR41 9751 7384 261V ZBDJ TPND K34,Uighur,O'Keefe-Kerluke
704,Arlin,Jimes,ajimesjj@tinyurl.com,CZ91 5243 3211 8689 9040 0281,Norwegian,Kuhn Group
705,Herold,Matcham,hmatchamjk@earthlink.net,DO35 BYVH 2047 4856 9380 3116 4428,Ukrainian,"Parker, O'Conner and Goodwin"
706,Jules,Martynov,jmartynovjl@istockphoto.com,NO59 4435 8560 019,Kirghiz,Wintheiser Inc
707,Frederic,Broader,fbroaderjm@meetup.com,FR26 5929 2057 77UX HPUH NOAF D29,Chichewa,Daugherty and Sons
708,Karalynn,Stickley,kstickleyjn@skyrock.com,BA17 5657 0867 0683 6378,Burmese,Mills-Zemlak
709,Elena,Siley,esileyjo@tripadvisor.com,MU13 FLVC 6115 1337 3780 8668 877I UT,Thai,Mertz LLC
710,Melinda,O'Gavin,mogavinjp@foxnews.com,AE95 0437 8255 9084 6968 233,French,Quitzon-Marquardt
711,Adelind,Pitone,apitonejq@myspace.com,GR10 1503 286O YJWL JQWI ONMY IYU,Georgian,"Cremin, Wolf and Trantow"
712,Siusan,Killeen,skilleenjr@ovh.net,AT02 0911 3307 2408 0334,Sichuan Yi,"Rowe, Casper and Goyette"
713,Zebedee,Rabl,zrabljs@jigsy.com,DK31 7848 4308 5493 11,"Sotho, Southern",Gorczany and Sons
714,Adolpho,Zaniolini,azaniolinijt@epa.gov,MT33 WYDQ 2949 3ZPQ CEUC PWOL YC1A GSW,Chamorro,Ruecker-Hettinger
715,Maure,Shepperd,mshepperdju@mail.ru,EE28 6759 7657 4459 6119,Irish,Kulas-Skiles
716,Heidie,Thulborn,hthulbornjv@technorati.com,DK41 2263 7409 5759 15,Amharic,"Pagac, Franecki and Brakus"
717,Berti,McOwen,bmcowenjw@slideshare.net,FR07 5575 2336 39HJ 3DOC X8VG 316,Kinyarwanda,"Mayer, Mante and Schoen"
718,Corney,Cambridge,ccambridgejx@nba.com,FR84 7242 6152 498Z VUAS 5JSJ K84,Walloon,O'Hara-Grimes
719,Ferguson,Comrie,fcomriejy@dropbox.com,PT11 4623 2126 0696 4190 7806 8,Georgian,Terry-Emmerich
720,Linus,Hurring,lhurringjz@wp.com,HU31 4540 8546 7458 9453 9974 7348,Tahitian,"Gulgowski, Sawayn and Streich"
721,Elna,Benaine,ebenainek0@guardian.co.uk,BH84 VLQE LJZD 17PI 75AU FQ,Bashkir,"Sauer, Metz and Powlowski"
722,Shir,Maletratt,smaletrattk1@examiner.com,SE37 9273 6156 6780 3688 4332,Tajik,"Doyle, Schaefer and Breitenberg"
723,Rochell,Fontel,rfontelk2@bigcartel.com,FR37 2249 9592 55IJ LTYR IUKF G60,Hausa,Stiedemann-Jacobs
724,Nigel,Deeks,ndeeksk3@webs.com,FR10 7230 6847 90CI IFKT 8TLW P10,Assamese,Ryan-Leffler
725,Julie,Maharey,jmahareyk4@wordpress.com,VG71 IDVD 7085 9188 0917 5874,Malay,Heidenreich-Graham
726,Emmie,Chotty,echottyk5@taobao.com,SA40 12WG GYRN 8TW9 ANS6 ISOS,Divehi,Tromp-Abbott
727,Halsey,Boutell,hboutellk6@ihg.com,CR40 3924 6766 7622 4601 1,Swati,Bartell-Miller
728,Tallie,Allom,tallomk7@ycombinator.com,PL80 3410 6023 5035 0806 3812 5602,Nauru,"Morar, Luettgen and McCullough"
729,Franciska,Roskrug,froskrugk8@jimdo.com,CR87 9517 8483 3619 1794 6,Galician,McDermott-Kessler
730,Lee,Eustis,leustisk9@yandex.ru,BH23 VHDJ IOFJ Q01E UMOW LC,Telugu,"Donnelly, Labadie and Kautzer"
731,Maryjane,Cleen,mcleenka@sitemeter.com,MK74 7760 1YNC 8WDF X43,Herero,Bogisich-Stamm
732,Codie,Broske,cbroskekb@e-recht24.de,MK58 8814 SPUB MDQZ E69,Amharic,Grady-Powlowski
733,Otha,Koopman,okoopmankc@xing.com,PK87 INGZ QQ5G SVY3 3LWT ENCF,Breton,Hills Inc
734,Quentin,Noore,qnoorekd@booking.com,FR93 6940 8672 40HI BJMC OURJ A85,Igbo,"Bins, Hauck and Powlowski"
735,Sheelagh,Devita,sdevitake@linkedin.com,SA05 25BM 3DP3 0VML RJH0 CCHR,Corsican,"Lehner, Auer and Bashirian"
736,Marylynne,Callander,mcallanderkf@state.gov,BG74 UWOH 1749 81PF VLYV MB,Twi,Borer Inc
737,Burt,Pfertner,bpfertnerkg@samsung.com,FR30 1657 1388 25NT 920U 3QDN W01,Esperanto,Harvey Inc
738,Norrie,Gwin,ngwinkh@senate.gov,BR69 1352 7005 9263 3227 8042 931E 2,Limburgan,Crooks-Reinger
739,Georgetta,Sparhawk,gsparhawkki@ucla.edu,ME97 5182 4788 6711 8938 12,Tonga (Tonga Islands),Baumbach-Kuhic
740,Marget,Wing,mwingkj@flickr.com,EE40 1052 8468 4237 2908,Lingala,Osinski-Turner
741,Nerty,Larking,nlarkingkk@cocolog-nifty.com,CZ90 5137 2567 9196 9269 0599,Sindhi,Schmidt-Shields
742,Zeke,Feehely,zfeehelykl@t.co,DO86 SDDT 0937 5050 1046 7352 2364,Northern Sami,"Koch, Stanton and Kassulke"
743,Moises,Dumphries,mdumphrieskm@google.com.au,CY35 5500 2696 AEOS IODP NCP6 8AQD,Kinyarwanda,Walter-Crona
744,Cull,Sherville,cshervillekn@sfgate.com,GB46 XYFS 7168 4219 0534 06,Polish,Hansen and Sons
745,Cinda,Kenwell,ckenwellko@mayoclinic.com,TN45 1099 5448 3010 3678 4669,Sanskrit,"Volkman, Rutherford and Bode"
746,Burnard,Rubertelli,brubertellikp@cnet.com,LI76 0019 2BNV CCXO GMZN E,Kikuyu,McLaughlin Group
747,Fanchette,Hannigane,fhanniganekq@economist.com,FR91 5001 8459 226M EABE COER P29,Lithuanian,Botsford-Littel
748,Auguste,Pittaway,apittawaykr@drupal.org,PK40 BEWB UPK2 WOTC GJI6 KMK0,Sichuan Yi,"Von, Fahey and Ferry"
749,Yolanthe,Halburton,yhalburtonks@nymag.com,GL30 4820 3398 2991 02,Croatian,Abshire-Harris
750,Frasquito,Alexandrescu,falexandrescukt@mlb.com,MR86 6845 5379 6204 3465 5496 482,Malayalam,"Funk, Schneider and Jerde"
751,Ronnica,Foxhall,rfoxhallku@dion.ne.jp,TR29 4813 41CW 5BEB GGUM 2WV3 87,Czech,Douglas-Funk
752,Nicol,Dankersley,ndankersleykv@ebay.co.uk,AE85 8815 6923 3375 1980 478,Sindhi,Gorczany-Luettgen
753,Tate,Milazzo,tmilazzokw@cbc.ca,FR90 5519 9859 37DU YIVE QGIO I65,Mongolian,Fay-Kilback
754,Tye,Lovatt,tlovattkx@symantec.com,ME23 5595 4900 7756 4111 03,Somali,"Wintheiser, Mohr and Jacobson"
755,Milly,Orred,morredky@comsenz.com,FR45 4337 1941 25MD JR6H FWKF I36,Finnish,Kautzer-Turcotte
756,Waylen,de Clerk,wdeclerkkz@ow.ly,FR70 7383 3031 60LO YGWV EUFS M46,Dzongkha,West and Sons
757,Leupold,Mercy,lmercyl0@bloglovin.com,SA77 16U1 VCFD 6A0M TPUD YKBU,Hiri Motu,"Strosin, King and Mueller"
758,Aime,Downey,adowneyl1@desdev.cn,GR33 8923 711L JB4J LELF ETKV BF5,Hausa,"Schulist, Gutkowski and McLaughlin"
759,Veronike,Foli,vfolil2@is.gd,AE21 8102 7035 6745 1433 831,Ndonga,"Kunde, Jast and Quigley"
760,Ursa,Leadbeatter,uleadbeatterl3@cnn.com,FI81 0343 6379 1876 19,Ukrainian,Windler Group
761,Florinda,Fidelus,ffidelusl4@ibm.com,LU75 128A XB7S C5IH ZDGC,Lithuanian,Effertz-Hagenes
762,Dory,Pittendreigh,dpittendreighl5@artisteer.com,GR03 3655 974R QW2G RPOZ ATSG JX0,Northern Sami,Roob-Lakin
763,Lee,Faires,lfairesl6@alexa.com,HU74 9469 6695 3271 7822 8442 5024,Polish,"Greenholt, Brown and Daugherty"
764,Reilly,Bellamy,rbellamyl7@tuttocitta.it,PK62 QGWA WKGW G2EY 01MU HBMC,Tahitian,Brown-Willms
765,Barrett,Beatens,bbeatensl8@gov.uk,DO51 RDXT 1570 7879 0440 2451 1451,Quechua,Heathcote LLC
766,Tabbatha,Gobell,tgobelll9@skype.com,MU60 LOJR 6196 4100 1184 2702 352G AG,Ndonga,"Wiegand, Hammes and Quigley"
767,Auroora,Yockney,ayockneyla@topsy.com,IL95 5736 0136 6412 8122 385,Irish,Von LLC
768,Antony,Binnell,abinnelllb@ted.com,SE23 3133 5819 3042 8554 5087,Slovak,Gottlieb LLC
769,Loleta,Bloxsom,lbloxsomlc@twitpic.com,AD69 1944 9100 HRSG GVO6 DKG5,Yiddish,Sipes-Harber
770,Cilka,Winstone,cwinstoneld@foxnews.com,FR04 1972 5511 66JJ 6VVK CNUN Y91,Portuguese,"Hammes, McDermott and Lakin"
771,Dolly,Hellwich,dhellwichle@amazonaws.com,FR48 6330 1846 273T LYEO P5SU J76,Polish,Walter-Mueller
772,Della,Fitzsymons,dfitzsymonslf@lycos.com,MK89 598C GZNH FXEH S76,Kannada,Gottlieb LLC
773,Quincey,Rannie,qrannielg@phpbb.com,FR77 3106 7708 72GK FK3W 5NHJ X27,Turkmen,"Huels, Zulauf and Lebsack"
774,Annette,Godding,agoddinglh@cornell.edu,AL18 5803 5147 QQWZ Z1VW LSBY OW5P,Aymara,McLaughlin-Shields
775,Johnnie,Sarney,jsarneyli@archive.org,LB94 3847 2ZIK IFCK CX2T EIZS 9VZ2,Navajo,Ledner-Emmerich
776,Osborn,Dangl,odangllj@exblog.jp,MK06 211G CKS5 2PEJ 113,Afar,Hickle-Green
777,Jillayne,Meth,jmethlk@sina.com.cn,IL07 4173 5313 6243 3245 515,Quechua,Brown Inc
778,Cori,Emilien,cemilienll@hugedomains.com,GI14 EUXD DU2Y D3KZ LY5F 6JK,Vietnamese,"Ondricka, Schinner and Wolf"
779,Murry,Gunter,mgunterlm@bbc.co.uk,HU31 7729 2002 2664 7467 1493 7468,Luba-Katanga,Hills Group
780,Tommie,Goodings,tgoodingsln@domainmarket.com,ES39 1740 8031 7542 4803 2379,German,"Hintz, Veum and Davis"
781,Ambrose,Wakley,awakleylo@pinterest.com,ME64 0090 6176 9991 9452 42,Oriya,"Hamill, Howe and Hermiston"
782,Gerladina,Basilotta,gbasilottalp@wisc.edu,FO50 1984 4115 5479 39,Tswana,"Gerlach, Quigley and Moen"
783,Annissa,Simkovich,asimkovichlq@blogger.com,VG70 EXOY 2782 2919 0530 1417,Samoan,Sanford and Sons
784,Dorita,Mewrcik,dmewrciklr@behance.net,ES05 7139 5079 4595 2747 2933,Norwegian Nynorsk,"Lockman, Feil and O'Keefe"
785,Sibeal,Duddy,sduddyls@mail.ru,EE38 0730 8344 4870 1275,Chuvash,Hirthe-Ledner
786,Ros,Sibray,rsibraylt@weather.com,GB47 HMYU 1599 8989 5859 46,Arabic,Deckow-Kirlin
787,Bartholomeo,Burnhard,bburnhardlu@npr.org,AE64 3400 2029 4209 2370 402,Turkmen,"Steuber, Kerluke and Mante"
788,Victoir,Vittel,vvittellv@google.com.br,SK03 1316 2288 1826 2358 8692,Vietnamese,"Bechtelar, Fahey and Koepp"
789,Loy,Alyonov,lalyonovlw@vinaora.com,FR86 3494 2265 30BC YPIE PW8B M67,Venda,Baumbach-Funk
790,Aaron,Bartkiewicz,abartkiewiczlx@a8.net,SE85 6016 3949 1649 9039 8666,Bengali,Bashirian-Kilback
791,Sullivan,Perrigo,sperrigoly@typepad.com,TN96 9915 4673 7575 0869 3667,Luxembourgish,Jacobi Inc
792,Beatrix,Lanon,blanonlz@pen.io,AZ88 BHTV LMHG CSMA ZBBV WLLJ COQA,Bengali,"Gerhold, Tromp and Ziemann"
793,Paola,Lightbown,plightbownm0@xing.com,FR32 1361 1149 64M4 8UYM BEYV W12,Tahitian,"Herman, Haley and Muller"
794,Curtice,Sharples,csharplesm1@unblog.fr,TN56 2794 4807 1071 8473 8475,Hausa,Lesch-Lehner
795,Lee,Bilam,lbilamm2@hubpages.com,CZ26 4847 0444 9526 2271 4023,Volapük,Pouros-Rogahn
796,Meier,Blampey,mblampeym3@google.ru,MC05 4646 5375 12JZ QGTQ 9CVS T25,Tibetan,Frami LLC
797,Skip,Peteri,speterim4@hibu.com,FR85 5187 3165 26BF CUO7 XOD2 H37,Abkhazian,Beer-Jaskolski
798,Berk,Creigan,bcreiganm5@vistaprint.com,HR91 8430 7849 9621 9092 5,Limburgan,Stroman-O'Connell
799,Dru,Arnson,darnsonm6@cargocollective.com,CY46 8666 2308 LLWF DWGZ E3U0 UDCI,Pali,Ebert-Fadel
800,Ernst,Gue,eguem7@ucla.edu,PK62 NAFO TCCS 4JHE RXKY LJDP,Romanian,Hickle-Jast
801,Tracee,Bister,tbisterm8@studiopress.com,FR48 2576 8193 750P RGFO JUUS G73,Somali,"Nienow, Toy and Jacobi"
802,Kelcey,Rillett,krillettm9@artisteer.com,IE40 YXNS 1491 8923 1499 75,Cornish,"Kub, Breitenberg and Rath"
803,Evin,Alleyn,ealleynma@shop-pro.jp,ES56 3480 6815 1943 1294 7958,Kalaallisut,"Bashirian, Goodwin and Labadie"
804,Ilyssa,Tabb,itabbmb@deliciousdays.com,SI33 0650 5293 3988 609,Cornish,Tillman-Kunze
805,Helen,Danbury,hdanburymc@nytimes.com,ME34 9008 2622 9164 6082 02,Danish,Davis-Hauck
806,Crystal,Devo,cdevomd@arizona.edu,FR53 3431 5834 19TT O0C7 YMMA R35,Polish,Boyle-Bashirian
807,Alfi,Tretwell,atretwellme@4shared.com,KW77 JHCZ 1LQF JWUT S8JU 8X7W TCQK VD,"Greek, Modern (1453-)",Cartwright Group
808,Alleen,Watkinson,awatkinsonmf@cargocollective.com,ME41 5619 4437 1823 9232 52,Herero,Treutel-Olson
809,Cayla,Belch,cbelchmg@wordpress.org,TN06 5837 7938 7300 2902 0687,Romanian,Terry-Braun
810,Lesley,Galia,lgaliamh@eepurl.com,LB71 5724 H4AA 8QHX UFDE NOJS WOIO,Tahitian,"Gottlieb, Vandervort and Ryan"
811,Mitch,Tales,mtalesmi@vinaora.com,GT10 DNQM UIEF U0XT HU4Z OGAR SHRQ,Western Frisian,Auer Inc
812,Joli,Courtman,jcourtmanmj@chronoengine.com,PL60 2964 9908 0468 7939 2650 0236,Occitan (post 1500),Treutel LLC
813,Kelci,Lipson,klipsonmk@foxnews.com,MU16 PRFD 8432 0149 1273 0403 513O EC,Irish,Kiehn-Farrell
814,Wanda,Koles,wkolesml@marriott.com,AT15 7844 6056 5831 1180,Oromo,"Collier, Morissette and Farrell"
815,Homer,Roberson,hrobersonmm@abc.net.au,IS73 4657 4846 2652 9770 6082 97,Norwegian Nynorsk,"Howell, Block and Kunde"
816,Fifine,Blackmoor,fblackmoormn@addthis.com,CR52 5488 7588 2871 4367 7,Urdu,Braun-Waters
817,Edita,Ebbitt,eebbittmo@google.fr,GE74 IC73 9211 4846 5933 49,Armenian,Smitham-Sanford
818,Eleen,Pinnocke,epinnockemp@nydailynews.com,AD57 7146 4689 8ZGU OLDI IGCM,Sundanese,Schmidt and Sons
819,Gerda,Simcox,gsimcoxmq@devhub.com,DK95 7320 6270 4707 14,Inupiaq,Wyman-Boyle
820,Elsa,Lacroix,elacroixmr@microsoft.com,BE96 8276 4447 0942,Haitian,Collins and Sons
821,Zia,Musso,zmussoms@cbc.ca,PT29 6264 3318 3467 1881 6919 8,Kurdish,Yost LLC
822,Chad,Dinsdale,cdinsdalemt@dailymotion.com,SI53 4335 0053 1437 694,Hausa,"Cormier, Lang and Yost"
823,Delphinia,Wehden,dwehdenmu@soundcloud.com,GT94 GLCW FRHL KOVR PPRF TLRD Z2OO,Kazakh,D'Amore Inc
824,Leta,Akram,lakrammv@shareasale.com,FR89 3682 9364 63EX MD6G CBB6 Z56,Dzongkha,Howe Group
825,Paddy,Wray,pwraymw@comcast.net,FR11 3728 8228 85AN JEZ3 QYA7 L08,Latvian,Tremblay Group
826,Susette,Marder,smardermx@geocities.jp,GI38 GUPE SUEL GNNA V65B 5UJ,Interlingua (International Auxiliary Language Association),Reilly Inc
827,Phillis,Kamena,pkamenamy@yelp.com,BR48 0821 4346 5361 8927 3276 099U D,Mongolian,"Labadie, Bode and Raynor"
828,Cortie,Punt,cpuntmz@yelp.com,FR87 9402 3306 48EX GKN1 VUUL T81,Swedish,Stamm-Schneider
829,Mavra,McHugh,mmchughn0@ebay.com,PS98 BMEJ QBAR WN3Z ZM8E U0RB EHFF R,Slovak,Medhurst-Bins
830,Bettye,Shildrake,bshildraken1@t.co,GB95 DFDT 9297 2543 9531 94,Herero,Yundt-Rodriguez
831,Alameda,Ingleston,ainglestonn2@flavors.me,GE70 JT52 6058 8620 9243 80,Samoan,Franecki-Schneider
832,Ellis,Marson,emarsonn3@domainmarket.com,SA92 48G9 ETVE FVDE XSHH AXRD,Zulu,"Yundt, Jaskolski and King"
833,Orrin,Monteith,omonteithn4@creativecommons.org,LI23 2160 6DPU 7R3U NMYE W,Tibetan,Glover and Sons
834,Alfy,Patty,apattyn5@stumbleupon.com,FR68 0497 4092 62TA MR6D GNC8 Z08,Azerbaijani,Bartell-Feeney
835,Dorothea,Portlock,dportlockn6@360.cn,HU16 7038 4900 0212 7176 8157 3500,Nepali,"Ward, Hilll and Hane"
836,Hart,Pesticcio,hpesticcion7@icq.com,LV30 ZIJT WFS6 GZHA SJFN Y,Danish,"Auer, Parker and Frami"
837,Corrine,Gounot,cgounotn8@adobe.com,SE96 4832 9048 6368 7582 9245,Czech,Renner-Daugherty
838,Harlin,Caught,hcaughtn9@posterous.com,GI74 ROGW KNCO AAEN UY87 WND,Bashkir,Bahringer Inc
839,Cristal,Shaefer,cshaeferna@businessinsider.com,GI05 VEZU ARER Q2BM RORU WOK,Chuvash,"Konopelski, Sauer and Hauck"
840,Zandra,Berre,zberrenb@tmall.com,ES88 9238 4203 8861 6618 5845,Luxembourgish,Gerlach-McClure
841,Aurlie,Rotge,arotgenc@nba.com,FR26 2691 3357 228B Y4MM GLNQ W16,Xhosa,Lowe-Klocko
842,Merlina,Cariss,mcarissnd@patch.com,GR12 9379 418G YVLZ RHRG 3EJG 8CA,Malagasy,Lockman and Sons
843,Ag,Matus,amatusne@twitter.com,FR81 1852 9081 63QN EZT5 ZDAL N03,Zulu,Braun Inc
844,Ava,Effemy,aeffemynf@jigsy.com,GR98 0654 126U 0GO1 K1WV NUMQ WAP,Welsh,Hartmann-Schimmel
845,Rodi,Spinney,rspinneyng@imdb.com,SK39 9328 3927 6624 4729 5281,Persian,Hegmann-King
846,Ximenes,Von Der Empten,xvonderemptennh@webs.com,LB02 2231 WMPR 6UVE RCAV G136 RO15,Lao,"Langosh, Jaskolski and Hodkiewicz"
847,Lidia,Radage,lradageni@livejournal.com,SE79 7860 4609 3554 6848 0788,Dzongkha,Schowalter-Romaguera
848,Deloria,Hulbert,dhulbertnj@cyberchimps.com,HR96 7599 9355 6592 5388 2,Kannada,"Johns, Douglas and Rodriguez"
849,Carolus,De Brett,cdebrettnk@networksolutions.com,RS86 0597 8514 9084 5983 86,Esperanto,Harber-Reinger
850,Aymer,Dagg,adaggnl@cafepress.com,DE69 5407 1053 3175 2766 29,Igbo,"Kemmer, D'Amore and Larkin"
851,Francine,Mott,fmottnm@nasa.gov,NO44 1466 6105 144,Afrikaans,"Strosin, Weissnat and Emmerich"
852,Felita,Brooksbie,fbrooksbienn@youtube.com,DO45 SZAO 0418 2382 6879 5000 2024,Church Slavic,Heaney-Morissette
853,Tally,Pervoe,tpervoeno@pcworld.com,RO33 OANC 1WHS ZJBF HGBC DYB4,Norwegian Nynorsk,Rath Group
854,Gwenny,Minghi,gminghinp@deliciousdays.com,ME37 5461 1673 1176 0474 79,Tagalog,"Bogisich, Heaney and Ziemann"
855,Tyler,Romera,tromeranq@nba.com,TR29 5286 0OVN YFHZ 9OUR PHCM OR,Lithuanian,"Jones, Kemmer and Effertz"
856,Horatio,Nusche,hnuschenr@fema.gov,CZ16 2599 9669 5617 0383 6250,Turkmen,Schiller-Leuschke
857,Wally,Hellwich,whellwichns@about.me,FR07 3067 0671 11N1 UEUD WQW4 X89,Sundanese,Green-Bosco
858,Nathanil,Terrey,nterreynt@printfriendly.com,FR47 9202 3441 897I 8VJV UPQG Y18,Limburgan,"Gutmann, Smith and Mayer"
859,Evanne,Broadhurst,ebroadhurstnu@slate.com,AT47 6668 0455 3566 6275,Western Frisian,Gutkowski-Johnston
860,Grethel,Dumsday,gdumsdaynv@mit.edu,AE47 9315 5631 7899 1356 100,Assamese,Lynch Group
861,Abba,Syphas,asyphasnw@tinyurl.com,FR68 3019 0108 743M C5IF ZYFE Q15,"Bokmål, Norwegian","Walsh, Mante and Mertz"
862,Jemimah,Caurah,jcaurahnx@hc360.com,TR18 4413 5CJZ AP6D INCO TPYC NG,Chichewa,Weber-Kuhic
863,Layla,Yakubovics,lyakubovicsny@mlb.com,CZ61 4862 1250 3699 8102 5020,"Ndebele, South",Simonis-Little
864,Julee,Doughill,jdoughillnz@sciencedirect.com,BR41 6275 4014 4062 4959 4414 372R L,Luba-Katanga,McDermott-Wilderman
865,Raimundo,Willbond,rwillbondo0@statcounter.com,FR90 5937 3080 25WB ZPHV TFRJ A55,Tswana,Macejkovic Group
866,Kris,Muddiman,kmuddimano1@hostgator.com,FR40 6599 5281 055K HXVR QCYI T47,"Greek, Modern (1453-)",Rutherford and Sons
867,Peggie,MacGillicuddy,pmacgillicuddyo2@cnet.com,FO70 2790 8118 9115 82,Central Khmer,"Rempel, O'Keefe and Bergstrom"
868,Marrilee,Scotchmore,mscotchmoreo3@google.com,FR67 4138 7799 37BQ SGQJ VPN0 C25,Kirghiz,Crooks-Flatley
869,Barris,Slator,bslatoro4@privacy.gov.au,EE75 3423 0927 9951 8757,Danish,Mohr Inc
870,Malia,Harkins,mharkinso5@forbes.com,CY41 2858 0647 W5CH 19WY DJZM XMZ7,Guarani,Hane Inc
871,Netti,Robens,nrobenso6@icio.us,BH31 ZGLB INQM WSZO 2JSD IK,Uighur,Wehner-Littel
872,Prudy,Czaple,pczapleo7@psu.edu,FR58 1858 6407 04XZ IY7F ILSA H79,Twi,"Hyatt, Conroy and Schamberger"
873,Prescott,Manneville,pmannevilleo8@marriott.com,LI43 3612 04N1 0NBV QZWS 5,Ndonga,Auer LLC
874,Laurella,Kells,lkellso9@rakuten.co.jp,BH10 NVJI SMWR QFJO 2NYO CG,Zulu,Schoen-Walter
875,Amie,Batchellor,abatchelloroa@salon.com,BE75 7013 1323 0983,Inupiaq,Russel-Aufderhar
876,Taylor,Lochhead,tlochheadob@hexun.com,IE23 WGUX 8509 8177 2654 56,Chamorro,Flatley-Hessel
877,Laney,Kunert,lkunertoc@printfriendly.com,FR56 6081 7465 065Q ZMC1 X578 G64,Irish,"Doyle, Gutkowski and Schroeder"
878,Lil,Iacivelli,liacivelliod@deviantart.com,CR80 0446 9925 1078 2844 3,Fijian,Sanford-Steuber
879,Stanton,Hanbury-Brown,shanburybrownoe@squarespace.com,BG58 HZOR 2889 24P0 XZFU 2V,Macedonian,Boyer-McClure
880,Ossie,Frangleton,ofrangletonof@disqus.com,FR30 0331 9889 95G4 KO2I CITA 458,Romansh,Kihn and Sons
881,Minda,Doige,mdoigeog@wufoo.com,AL98 5683 6129 BLVC M4SU VRVZ YCAO,Herero,Feeney LLC
882,Alex,Ivic,aivicoh@google.ru,IL54 2054 6433 5383 9838 256,Avaric,Walker-Reichel
883,Haven,Ochterlony,hochterlonyoi@blogger.com,GR97 8325 089L I2LH ZPA9 KL9Y G8X,Maltese,"Bode, Kessler and McClure"
884,Ramon,Lambertini,rlambertinioj@godaddy.com,CZ15 4844 9686 5207 9730 7860,Kikuyu,Hickle-Krajcik
885,Cal,Dartan,cdartanok@ox.ac.uk,AD82 8653 3583 505I 4R5I ISGO,Persian,McCullough Inc
886,Althea,McClune,amccluneol@sciencedirect.com,NO87 9783 7184 134,Nauru,Schroeder Group
887,Catha,Skade,cskadeom@dailymail.co.uk,DE86 3465 5861 1941 7984 54,Yoruba,Dach-Kertzmann
888,Kristien,Godding,kgoddingon@reference.com,TN72 1809 7283 2466 9766 1148,Hiri Motu,Ebert LLC
889,Kylynn,Ricards,kricardsoo@ezinearticles.com,FI11 0655 1745 4175 34,Yiddish,Klocko and Sons
890,Ricardo,Ciccotto,rciccottoop@sbwire.com,GL13 8543 8401 9540 34,Assamese,"Reichel, Krajcik and Price"
891,Marcie,Choupin,mchoupinoq@amazon.co.jp,CZ09 6300 7075 5958 6477 4761,Interlingue,"Olson, Keeling and Abshire"
892,Ware,Skillington,wskillingtonor@ucoz.ru,FR88 8697 1730 57XV B6NU KRWZ F72,Belarusian,Russel-Dietrich
893,Kaiser,Gyurkovics,kgyurkovicsos@zimbio.com,BE53 7794 6842 2616,Ido,Kohler-Dibbert
894,Alasteir,Grimstead,agrimsteadot@meetup.com,HU59 7471 0634 0477 2370 6644 3007,Estonian,Hettinger Group
895,Dulcine,Goldsby,dgoldsbyou@twitpic.com,PS54 NBQL A2BV CJTN KZPV LWIJ ZENS 2,Shona,"Homenick, Fay and Haag"
896,Benedict,Pamment,bpammentov@youku.com,PT97 2632 0277 5189 8494 7328 4,Galician,Rowe-McLaughlin
897,Zelda,Custed,zcustedow@china.com.cn,MD67 FUSW EU47 K3HO J33S R8EL,Persian,Hartmann Inc
898,Rance,Lakey,rlakeyox@vk.com,LB76 1667 R2BK TLQY XBOV VDDH KOT9,Haitian,"Casper, Murazik and Strosin"
899,Caron,Baack,cbaackoy@networksolutions.com,GT76 DLIV X55I O8ZQ VVE7 2QTL NKMU,Igbo,"Marks, Roob and Luettgen"
900,Lavinia,Rennicks,lrennicksoz@ycombinator.com,CY45 4441 8596 JESU ENK9 Y1Z3 NO2W,Oriya,Harvey LLC
901,Onida,Keane,okeanep0@bluehost.com,LB09 2803 CZPE DO66 YNQT GHGC 5WQL,Sichuan Yi,Weissnat LLC
902,Ezmeralda,Burns,eburnsp1@dedecms.com,TR82 0075 4HYY 2SWW EGR6 CBYD 0N,Komi,Orn-Brown
903,Jamie,Hulson,jhulsonp2@mtv.com,BE81 4422 8651 3077,English,Ernser Group
904,Ward,Surgener,wsurgenerp3@walmart.com,SA73 29ST H1MW DT8U HJIT DXRG,Romansh,Stark-Wolff
905,Madonna,Towhey,mtowheyp4@soup.io,LT54 7082 4085 5411 0601,Bengali,"Upton, McDermott and Collier"
906,Nefen,Purvey,npurveyp5@cbslocal.com,IT17 Q140 0337 026H CWOZ WVVK KUM,Tigrinya,Kunze Inc
907,Kare,Baurerich,kbaurerichp6@youtu.be,FO85 2691 1674 8754 90,Sichuan Yi,"Kessler, Pagac and Hirthe"
908,Trefor,Gudgen,tgudgenp7@simplemachines.org,EE88 6576 6523 0148 7490,Sardinian,Schmidt Inc
909,Keriann,Andryushchenko,kandryushchenkop8@hatena.ne.jp,NL93 TLNL 8336 3985 75,Arabic,McLaughlin-Wiza
910,Brant,Bezant,bbezantp9@comsenz.com,MK11 959M 3YO9 4OEU S62,Azerbaijani,"Goyette, Greenfelder and Hahn"
911,Tommy,Kirkwood,tkirkwoodpa@yellowbook.com,LT58 5149 2096 3435 3987,Kannada,"DuBuque, Williamson and Douglas"
912,Marvin,Kupis,mkupispb@studiopress.com,LI36 1552 8SFF QLEZ OZ0S C,Hungarian,Robel-Pacocha
913,Morna,Buterton,mbutertonpc@csmonitor.com,BE54 2718 2281 4238,Swahili,Schuster LLC
914,Elroy,McAndrew,emcandrewpd@businessweek.com,TR05 4323 6ZEI TE1K TOIE FBQ5 GR,Fijian,"Sanford, Walter and Greenfelder"
915,Amaleta,O'Hartnett,aohartnettpe@tiny.cc,GL50 1333 8125 4133 68,Avestan,Haag LLC
916,Minda,Stanworth,mstanworthpf@chicagotribune.com,PT86 7548 3438 1386 2275 4686 0,Tatar,Larson and Sons
917,Nelle,Lambal,nlambalpg@comsenz.com,TN19 4413 1321 0192 7619 7524,Pushto,D'Amore-Kub
918,Thaddeus,Levings,tlevingsph@behance.net,PT35 4802 3078 0974 3207 7940 9,Twi,"Morissette, Bartoletti and Jacobs"
919,Florence,Blackah,fblackahpi@mapy.cz,LT38 1077 6758 0122 2538,Icelandic,Ritchie LLC
920,Rosie,De Vries,rdevriespj@nytimes.com,FO96 7416 7891 5820 26,Afrikaans,"Fadel, Grant and Windler"
921,Gerrie,Atwater,gatwaterpk@harvard.edu,SM46 N231 2296 789Z 5M8Z WOLB OPL,Latin,"Hamill, Upton and Boyle"
922,Jamesy,O'Scully,joscullypl@google.it,NO30 7227 2806 157,Sinhala,"Langosh, Green and Grady"
923,Renault,Van Halle,rvanhallepm@parallels.com,SA88 12ZD XYG1 Y3DT 5JQT EKDI,Estonian,Medhurst and Sons
924,Martita,Witchalls,mwitchallspn@lulu.com,FR23 7542 1371 076T Z9QN MKPF C67,Sanskrit,D'Amore LLC
925,Edie,Cotty,ecottypo@tripod.com,IS16 7363 9991 1406 4609 2594 42,Yoruba,Douglas-Fahey
926,Davis,Gutherson,dguthersonpp@microsoft.com,FR67 4696 2843 88FK CGYV 9G6I R33,Luxembourgish,O'Reilly-Langosh
927,Neil,Gunbie,ngunbiepq@hud.gov,ES27 2884 9347 5172 0611 6034,Amharic,Gottlieb LLC
928,Harmonia,Pyrton,hpyrtonpr@discuz.net,LI03 6495 33ZI OVI6 4JA5 F,Kuanyama,Predovic-Willms
929,Joceline,Hewes,jhewesps@timesonline.co.uk,FR46 5034 9427 30ME UDVH LET0 R39,Oromo,"Erdman, Towne and Bartell"
930,Ainslee,Fleming,aflemingpt@usnews.com,EE22 5564 3068 5253 4613,Ojibwa,Bartoletti Group
931,Johannah,Clemot,jclemotpu@so-net.ne.jp,AT51 8720 3674 6975 4936,Catalan,"Hirthe, Ullrich and Lueilwitz"
932,Ciro,Charnley,ccharnleypv@eventbrite.com,BR94 2710 4478 3248 3587 4440 669H 0,Somali,Stark-Barton
933,Morgana,Whelan,mwhelanpw@opera.com,GL84 5631 9557 0824 95,Yoruba,"Hayes, Sipes and Howell"
934,Felipa,Perkins,fperkinspx@webeden.co.uk,LI21 1311 1BGN UOBA ITBV 5,Swati,"Jast, Gutmann and Dibbert"
935,Giffy,Rothermel,grothermelpy@blogs.com,LU71 613K TB9Y YFE7 OKW7,"Ndebele, North",Conroy-Robel
936,Goldia,Scotchmore,gscotchmorepz@quantcast.com,KW53 NKCY W5AO UMPX TMJ0 FONP CLEI HO,Bulgarian,"Barrows, Walker and Reilly"
937,Brander,Yesenev,byesenevq0@elpais.com,FR38 7654 0908 300B 3P6M V0IC L72,Volapük,Anderson-Hand
938,Rebe,Fairn,rfairnq1@hhs.gov,RS64 5360 9234 6708 8863 08,Croatian,"Grimes, Harris and Hand"
939,Annabal,Worvell,aworvellq2@xing.com,BG50 BSVT 1357 33SW XIMT WL,Bashkir,"Cremin, Koelpin and Kertzmann"
940,Adah,Cavanagh,acavanaghq3@infoseek.co.jp,GL03 7569 5050 5693 93,Swahili,Nicolas LLC
941,Almeda,Chetwind,achetwindq4@army.mil,BH12 NPTJ YFLJ G48F W1WK 0D,Tibetan,"Doyle, Marvin and Harris"
942,Aloysius,Jeskin,ajeskinq5@issuu.com,MT85 QEKS 9383 2PIA SERA W5WC OB7O KVX,Navajo,Hegmann-Rath
943,Minny,Sharrier,msharrierq6@blogtalkradio.com,KW98 BPIF QLGI JTDV VJUL YOIG KZGW BW,Kikuyu,Rolfson-Kuhlman
944,Rourke,Rymell,rrymellq7@pen.io,CY63 7554 4862 NRSY ZFLS BLT2 WFAZ,Church Slavic,Bashirian LLC
945,Dante,Shapter,dshapterq8@printfriendly.com,FR77 2048 7322 736P XYZC 1E7J F41,English,Runolfsdottir-Senger
946,Joan,Blasetti,jblasettiq9@wisc.edu,LU51 6115 TYWX YHJL EXPD,Kikuyu,Harris and Sons
947,Alfi,Richings,arichingsqa@blogtalkradio.com,TR10 6893 3IXX Y893 TG1Q S9RM 9C,Swahili,Shanahan Inc
948,Hillie,Dadd,hdaddqb@yandex.ru,LT89 1777 1363 9099 7572,Bengali,Schmitt-Witting
949,Magda,Houlridge,mhoulridgeqc@globo.com,HR88 4019 3950 8346 9988 0,Central Khmer,Windler-Paucek
950,Libbi,Leatt,lleattqd@dyndns.org,HR35 9046 6636 0081 3959 8,Slovak,Kozey-Feil
951,Rurik,Figgs,rfiggsqe@123-reg.co.uk,AL72 3666 3787 LOJG TJIU 3VH8 MG3F,Arabic,"Jast, Graham and Mayer"
952,Rosalind,Slott,rslottqf@is.gd,FR85 7804 4219 85VX CUMO ZXQX C39,Bislama,"Barton, Heidenreich and Herzog"
953,Lorry,Hymas,lhymasqg@goo.gl,PT13 1985 0243 1959 4819 5003 0,Divehi,Rice LLC
954,Gavrielle,Weild,gweildqh@de.vu,IL16 7835 0388 0302 8706 628,Aragonese,Brown and Sons
955,Herve,Beadon,hbeadonqi@hud.gov,SA09 309Y DSBS ZPOA KFEP 682K,Korean,Cartwright and Sons
956,Hyacinthe,Swendell,hswendellqj@cnbc.com,FR51 5170 3345 20PR TOUM JDY8 L70,Interlingue,Beahan and Sons
957,Kirsteni,Breming,kbremingqk@sina.com.cn,BH56 LVIO YCPW FPAM 0VHA JB,Interlingua (International Auxiliary Language Association),Murazik-Goyette
958,Hanny,Momery,hmomeryql@php.net,MR75 6134 1531 4194 6437 9938 969,Bulgarian,Cassin-Bosco
